,Player,Yr,Height,GS,MP,3P,3P%,2P,2P%,FTA,FT%,ORB,DRB,AST,STL,BLK,TOV,PTS,Cluster,Distance
0,Kareem Abdul-Jabbar,1980,86,47.0,2794.4,0.0,0.0,772.4,0.5852,447.0,0.7418,179.0,530.0,255.8,63.8,205.6,239.4,1877.2,1,3.8417967753268516
3,Tiny Archibald,1980,73,53.6,2140.0,3.8,0.20539999999999997,285.0,0.48179999999999995,313.4,0.7539999999999999,32.2,99.0,479.8,60.8,7.0,185.2,826.0,0,2.7199044817644644
7,Greg Ballard,1981,79,63.2,2752.2,9.0,0.2832,541.4,0.47940000000000005,214.2,0.8102,143.2,404.8,241.0,116.8,30.8,128.2,1283.6,0,2.733449136428256
17,Larry Bird,1981,81,74.6,3066.6,25.4,0.28840000000000005,745.2,0.5104,400.8,0.8671999999999999,185.8,662.2,481.4,145.0,73.4,253.6,1914.4,3,3.4998987446458214
45,Bill Cartwright,1980,85,41.8,2618.0,0.0,0.0,516.4,0.558,486.8,0.7794000000000001,170.2,429.6,121.2,45.8,94.6,198.4,1412.8,1,2.308583832090106
48,Maurice Cheeks,1984,73,76.4,2775.0,5.0,0.2474,423.2,0.543,266.6,0.8112,51.8,173.2,580.2,178.8,21.6,181.6,1077.6,0,3.5746692951379098
55,Wayne Cooper,1982,82,58.4,1944.4,0.8,0.11080000000000001,345.4,0.4544,208.2,0.7426000000000001,201.8,373.8,94.8,32.0,154.4,125.2,848.0,2,2.294103128294855
57,Dave Corzine,1981,83,44.8,2276.2,0.8,0.1166,363.2,0.4932,237.0,0.7529999999999999,196.2,399.6,148.6,42.4,103.6,159.4,908.0,2,1.4297465385303862
59,Dave Cowens,1980,81,44.5,1586.5,0.5,0.0415,278.5,0.45249999999999996,92.5,0.802,99.5,304.5,144.0,49.5,38.0,76.0,632.0,2,2.9517847138461155
62,Pat Cummings,1981,81,44.2,1818.8,0.0,0.0,352.4,0.5117999999999999,168.8,0.744,134.6,341.6,114.4,44.8,20.6,139.2,831.2,2,1.8888638330677165
65,Brad Davis,1982,75,73.2,2422.4,22.2,0.29900000000000004,313.4,0.5544,218.8,0.8482,35.0,155.0,536.6,79.0,11.0,140.2,878.6,0,2.9472471744781887
69,Darryl Dawkins,1980,83,70.6,2052.6,0.4,0.08,406.0,0.5786,296.0,0.6898,131.4,369.4,110.0,46.6,119.4,211.6,1019.2,2,2.821153209032227
78,T.R. Dunn,1982,76,79.4,2511.0,0.0,0.0,206.6,0.483,145.4,0.7340000000000001,189.8,312.2,185.8,150.0,24.6,89.8,519.2,2,3.5642771823996067
83,Alex English,1983,79,80.6,2978.2,1.8,0.1954,942.4,0.5156,491.8,0.8376000000000001,204.0,250.4,377.8,89.2,63.4,239.8,2302.8,3,3.9572261788782557
84,Julius Erving,1980,79,78.0,2715.8,4.0,0.26280000000000003,735.0,0.5258,505.4,0.77,208.4,354.2,322.0,151.4,139.6,238.0,1871.4,1,3.2896253365719303
88,Chris Ford,1980,77,67.0,2143.0,42.0,0.35800000000000004,235.33333333333334,0.4586666666666666,85.66666666666667,0.7286666666666667,67.0,83.66666666666667,217.33333333333334,84.33333333333333,20.0,94.66666666666667,659.6666666666666,4,1.6541128041571127
97,George Gervin,1980,79,46.6,2786.0,14.6,0.326,863.2,0.5042000000000001,593.6,0.8474,127.0,249.8,226.6,89.6,58.8,237.2,2273.4,3,3.553443125047593
99,Artis Gilmore,1981,86,60.8,2643.0,0.2,0.2,506.2,0.6422,523.2,0.736,237.4,593.6,127.0,42.4,183.0,221.4,1399.0,1,4.037052911237433
104,Dave Greenwood,1980,81,43.8,2697.6,0.2,0.028599999999999997,427.8,0.4772,303.8,0.7656000000000001,217.8,549.0,190.4,65.6,101.6,177.0,1090.6,1,2.2892523473783415
116,Gerald Henderson,1981,74,45.4,1974.6,26.2,0.2720999999999999,306.2,0.47539999999999993,204.4,0.7723000000000001,47.2,150.2,228.8,76.2,17.1,129.1,850.1,4,1.49293556040183
122,Lionel Hollins,1981,75,41.6,1684.2,2.0,0.1264,256.6,0.4532,137.4,0.7588,29.8,110.4,304.0,81.8,12.6,149.0,620.2,4,2.806063177280377
126,Dan Issel,1980,81,45.4,2511.6,3.6,0.31779999999999997,638.4,0.5102,582.6,0.8106,180.4,442.0,186.2,76.2,49.8,151.6,1756.8,1,2.454236886435635
131,Dennis Johnson,1984,76,77.0,2795.2,7.2,0.18219999999999997,419.6,0.45999999999999996,296.4,0.8423999999999999,70.8,202.4,505.8,95.8,39.6,185.8,1110.6,0,2.1643304440223976
132,Eddie Johnson,1980,74,42.0,2649.6666666666665,17.5,0.3013333333333333,619.8333333333334,0.4946666666666666,326.6666666666667,0.8286666666666666,123.0,195.66666666666666,296.1666666666667,80.0,17.666666666666668,187.66666666666666,1562.6666666666667,0,2.5067641773262976
135,Magic Johnson,1987,81,77.0,2859.4,52.8,0.28380000000000005,500.0,0.5264,578.6,0.8816,110.8,415.8,943.8,124.8,24.4,296.8,1668.6,3,3.398310049983889
136,Marques Johnson,1980,79,41.2,2539.2,1.6,0.11520000000000001,618.0,0.531,341.6,0.7282,192.8,305.2,302.0,97.8,49.4,179.2,1490.2,1,2.180048831318966
141,Caldwell Jones,1980,83,72.6,2560.4,0.2,0.06659999999999998,261.0,0.46900000000000003,198.4,0.7808,194.6,549.6,136.0,45.2,130.6,174.0,678.0,2,2.5312068382341133
151,Bernard King,1981,79,55.2,2542.4,0.8,0.1266,711.2,0.5589999999999999,487.4,0.7362,130.8,280.6,226.4,77.2,20.4,226.0,1785.2,1,3.167148945778507
170,Maurice Lucas,1981,81,47.2,2279.6,0.2,0.06659999999999998,440.0,0.48860000000000003,308.4,0.7546,194.8,517.0,183.8,55.0,45.6,179.6,1113.6,1,2.2712939411720563
172,Moses Malone,1980,82,46.0,3063.6,0.2,0.06659999999999998,742.8,0.5065999999999999,785.8,0.7497999999999999,480.4,660.0,125.4,79.8,129.8,283.2,2075.6,1,5.470205516999728
175,Cedric Maxwell,1980,80,76.6,2563.6,0.2,0.03339999999999998,388.4,0.557,450.4,0.7762,222.0,300.2,198.4,72.4,48.2,190.4,1126.4,1,2.724701364710035
185,Mike Mitchell,1981,79,59.4,2758.6,3.0,0.21800000000000003,720.4,0.5034000000000001,315.0,0.7662,181.8,313.2,104.8,55.2,46.4,136.8,1692.4,1,2.794427919212455
188,Sidney Moncrief,1982,75,75.8,2813.2,9.8,0.2084,540.8,0.5111999999999999,585.8,0.8356,178.4,266.4,355.8,115.8,25.8,196.0,1600.6,3,2.3219213154977907
193,Calvin Natt,1981,78,60.2,2576.8,2.2,0.2036,545.6,0.553,402.4,0.7678,186.2,359.6,179.4,68.4,27.6,172.4,1408.8,1,2.126453646762172
195,Norm Nixon,1980,74,48.6,2995.2,3.4,0.15619999999999998,586.2,0.4888,233.6,0.7737999999999999,54.2,154.8,694.0,124.6,8.0,261.0,1363.6,3,3.2545057748930284
197,Mark Olberding,1981,80,47.4,2152.0,1.0,0.09539999999999996,288.2,0.49559999999999993,327.2,0.8144,126.0,319.2,209.0,57.6,21.6,168.8,846.6,2,2.601212260228843
200,Robert Parish,1983,85,78.6,2747.6,0.0,0.0,582.2,0.5489999999999999,358.6,0.7303999999999999,253.2,575.8,144.6,63.8,125.0,186.6,1426.2,1,2.129087894886197
203,Jim Paxson,1981,78,60.2,2627.2,7.4,0.1796,616.0,0.532,334.2,0.7888,70.8,129.4,264.2,126.4,10.6,136.2,1520.4,0,3.2289467885388525
215,Micheal Ray Richardson,1981,77,42.4,2326.6,17.8,0.22119999999999998,431.2,0.48040000000000005,227.6,0.701,126.0,251.8,453.8,174.4,26.6,213.4,1076.4,0,3.225491196051667
218,Cliff Robinson,1983,81,58.0,2204.4,0.6,0.2166,494.4,0.46820000000000006,277.0,0.7335999999999999,150.6,477.8,150.8,69.4,42.2,180.2,1193.2,1,2.3554477220974777
220,Truck Robinson,1980,79,42.2,2620.8,0.2,0.2,476.0,0.4962,332.2,0.6432,200.2,496.2,153.2,53.6,35.2,210.6,1168.6,1,2.3046746416173574
224,Tree Rollins,1982,85,63.2,2074.4,0.0,0.0,219.2,0.5324,127.4,0.6892,164.4,405.0,57.8,38.4,235.6,89.2,524.6,2,3.47512014373247
225,Dan Roundfield,1980,80,41.2,2470.8,1.2,0.077,482.0,0.49239999999999995,426.2,0.742,243.2,515.4,183.2,72.4,108.0,208.8,1284.0,1,1.3645991426999624
229,Lonnie Shelton,1980,80,47.6,2004.6,0.6,0.11339999999999999,362.2,0.4798,172.6,0.7438,137.8,271.2,169.6,72.8,50.4,149.2,857.4,2,1.9163587603628471
230,Purvis Short,1982,79,56.2,2526.4,18.8,0.2812,623.4,0.4862,398.6,0.8208,147.0,210.0,230.8,94.0,16.8,193.8,1630.6,3,2.652698779868158
232,Jack Sikma,1980,83,47.0,2863.8,0.4,0.0308,540.8,0.4766,437.2,0.8352,208.6,704.8,272.8,86.0,86.8,208.4,1449.4,1,2.5592802471421185
248,Reggie Theus,1985,79,78.6,2700.8,12.2,0.217,535.8,0.487,418.4,0.8478,84.6,178.2,597.2,90.4,17.2,270.2,1462.8,3,2.364308725154392
273,Jamaal Wilkes,1980,78,47.2,2820.8,1.2,0.1006,695.2,0.529,290.6,0.7596,150.2,257.0,204.8,95.2,27.8,163.0,1614.0,1,2.9955851449914066
276,Gus Williams,1982,74,77.0,2739.8,19.2,0.19619999999999999,601.4,0.4692,347.2,0.7388,71.0,131.8,585.6,163.4,26.8,206.4,1517.2,3,2.6957728306220607
293,Joe Barry Carroll,1981,84,58.5,2874.0,0.0,0.0,647.75,0.5005000000000001,416.25,0.7215,234.75,444.25,137.0,81.25,136.25,250.5,1595.5,1,2.272206071014678
303,James Donaldson,1984,86,70.4,2541.8,0.0,0.0,289.4,0.589,266.4,0.7798,203.6,538.2,70.2,36.4,123.8,135.8,786.2,2,2.857278378778871
305,Larry Drew,1982,73,52.6,2274.0,6.0,0.2588,446.8,0.4878,247.0,0.7958,34.2,124.0,481.8,103.2,6.2,190.4,1108.6,0,2.0626285511252545
310,Mike Gminski,1986,83,70.8,2392.4,0.6,0.035199999999999995,445.0,0.47220000000000006,313.0,0.8737999999999999,194.0,455.6,116.4,46.6,86.6,118.0,1165.0,2,2.956269030623363
311,Rickey Green,1982,72,70.6,2563.2,3.0,0.1488,425.2,0.4904,249.4,0.8208,54.4,149.6,616.6,171.6,7.0,180.2,1064.2,0,3.442372645411509
312,Darrell Griffith,1981,76,63.0,2735.4,49.2,0.2974,667.2,0.49160000000000004,270.4,0.7026000000000001,105.2,210.6,235.4,117.2,32.0,233.2,1672.4,3,2.789459152234052
327,Bill Laimbeer,1984,83,82.0,2879.6,5.4,0.2254,525.4,0.5092000000000001,295.6,0.8530000000000001,267.4,708.2,159.8,63.0,73.4,133.8,1318.6,1,2.8197078946083036
331,Kyle Macy,1982,75,51.4,2305.4,33.2,0.34080000000000005,314.6,0.5244,132.2,0.8644000000000001,48.4,145.4,368.2,99.2,7.4,111.8,844.0,4,2.421788460122098
332,Rick Mahorn,1982,82,63.8,2380.4,0.0,0.0,292.0,0.49260000000000004,180.6,0.6443999999999999,152.0,496.2,116.2,60.8,114.8,143.2,698.2,2,1.6675424611178569
337,Kevin McHale,1986,82,60.2,2689.0,4.6,0.06659999999999998,637.4,0.5788,467.8,0.8240000000000001,200.2,432.6,178.8,30.0,130.4,173.2,1674.4,1,2.84901053483545
339,Johnny Moore,1981,73,55.0,2152.6,12.0,0.18619999999999998,307.8,0.4788,188.0,0.7081999999999999,63.2,197.6,654.0,165.8,20.8,186.8,785.4,0,3.625632850224526
359,Larry Smith,1983,80,66.8,2167.2,0.0,0.0,280.2,0.5524000000000001,189.4,0.5534,329.2,430.6,80.8,61.6,40.4,127.4,665.8,2,3.067092154922216
360,Rory Sparrow,1982,74,56.0,2112.4,5.0,0.217,298.0,0.4838,126.6,0.8109999999999999,42.2,126.0,430.2,78.0,9.6,146.0,714.6,4,2.586176450845634
363,Mychal Thompson,1981,82,57.4,2840.0,0.0,0.0,562.8,0.5094000000000001,403.6,0.6482,222.0,511.2,299.2,72.2,119.8,246.6,1387.4,1,2.245649396978031
364,Andrew Toney,1981,75,55.2,2188.8,21.4,0.34199999999999997,494.4,0.5172000000000001,352.6,0.7886,41.8,132.6,331.4,67.6,18.2,245.0,1334.6,0,2.5446823628006725
366,Kiki Vandeweghe,1983,80,74.8,2793.0,15.4,0.32,760.8,0.545,536.0,0.8756,92.0,209.0,190.8,52.4,28.8,153.0,2036.2,3,4.239136591888694
372,Mike Woodson,1985,77,55.2,2266.8,18.0,0.24939999999999998,483.2,0.4686,297.4,0.8311999999999999,69.2,124.8,203.0,101.4,25.0,154.8,1267.8,0,1.9966626197461885
374,Mark Aguirre,1983,78,77.2,2709.4,25.4,0.2872,762.8,0.5136,559.6,0.7422000000000001,179.6,285.6,306.4,73.2,23.2,253.6,2018.0,3,3.067544047974277
375,Danny Ainge,1986,76,63.8,2335.8,85.0,0.395,307.0,0.49939999999999996,172.0,0.8646,51.6,179.0,389.6,92.8,12.6,134.2,1017.4,0,1.7298698588007915
377,Gene Banks,1983,79,52.0,2274.8,0.4,0.09999999999999995,364.2,0.5578000000000001,241.2,0.7409999999999999,170.4,291.0,237.6,76.2,16.8,145.8,907.6,2,2.357113112235933
378,Rolando Blackman,1987,78,77.4,2836.6,17.6,0.2678,577.8,0.49139999999999995,377.8,0.8640000000000001,79.8,186.8,281.2,67.8,19.8,163.2,1535.4,0,2.488309855695785
387,Tom Chambers,1987,82,80.2,2844.2,31.8,0.31079999999999997,650.4,0.4732,570.6,0.8388,133.2,422.8,214.4,81.6,51.4,220.6,1876.0,3,2.8003632407927954
401,Steve Johnson,1985,82,45.4,1671.8,0.0,0.0,338.2,0.558,321.8,0.6446,140.4,272.6,95.2,33.4,56.0,176.0,887.8,2,2.342639434151694
402,Albert King,1982,78,51.2,1820.4,3.2,0.16040000000000001,417.2,0.4856,200.0,0.7958000000000001,114.6,221.6,175.0,69.8,28.6,175.8,1002.6,0,2.5727388272089478
405,Alton Lister,1983,84,56.6,2006.2,0.0,0.0,302.8,0.525,243.4,0.6055999999999999,193.0,430.0,111.8,44.2,161.2,170.4,753.0,2,2.2919374790047367
406,Lewis Lloyd,1983,78,52.0,1837.6,2.0,0.21480000000000002,421.4,0.5284,195.8,0.7678,94.2,137.4,224.2,71.4,26.4,157.2,1000.8,0,2.6862055835980674
413,Larry Nance,1989,82,72.2,2630.2,0.6,0.25,525.8,0.534,294.0,0.8039999999999999,183.2,441.0,202.4,62.2,193.8,110.4,1290.0,1,2.9535319233208392
417,Kurt Rambis,1985,80,45.0,1556.4,0.0,0.0,186.2,0.5478,144.6,0.7328,170.2,323.6,82.8,72.2,38.2,101.0,478.6,2,2.2086606965719566
419,Danny Schayes,1987,83,47.8,1812.4,0.6,0.06659999999999998,269.2,0.5178,355.0,0.8256,150.6,333.2,91.0,44.0,70.6,117.6,833.6,2,2.05995268897428
423,Isiah Thomas,1983,73,80.4,2998.4,26.4,0.2774,628.6,0.48339999999999994,504.6,0.7620000000000001,97.4,225.0,862.8,182.8,25.4,313.4,1720.4,3,3.2663215999734403
425,Kelly Tripucka,1982,78,67.8,2424.6,7.0,0.32059999999999994,554.4,0.4863999999999999,468.0,0.8395999999999999,129.2,186.6,227.0,72.6,15.4,191.6,1519.4,0,2.7748981398654182
430,Danny Vranes,1982,79,47.0,1807.0,0.2,0.05,188.6,0.5062,159.0,0.5694,133.4,213.6,105.6,54.2,42.4,93.6,470.4,2,2.5727835812172777
431,Buck Williams,1983,80,81.8,3038.4,0.2,0.05,525.6,0.5478,518.4,0.6443999999999999,338.8,669.4,136.4,77.2,106.4,249.0,1386.8,1,3.0878174335755877
432,Herb Williams,1983,82,67.6,2529.0,0.4,0.0388,528.4,0.48819999999999997,305.6,0.7068,154.8,450.0,215.4,55.4,138.0,211.2,1273.8,1,2.176788699605884
435,Al Wood,1982,78,49.2,1808.8,6.6,0.19139999999999996,358.0,0.4925999999999999,195.2,0.7906,79.6,145.2,139.4,56.4,29.4,104.8,890.4,4,2.166275942092565
437,Orlando Woolridge,1983,81,60.0,2374.6,1.2,0.1598,540.0,0.5382,462.2,0.7405999999999999,135.6,228.2,168.4,54.0,55.0,182.0,1429.8,1,2.5183917482714984
442,John Bagley,1984,72,60.4,2308.2,18.4,0.2138,314.8,0.4566,179.2,0.7972,59.0,187.2,524.6,106.0,7.2,196.0,827.4,0,2.365565349745012
446,Terry Cummings,1986,81,78.2,2742.6,5.4,0.2244,703.2,0.4838,417.2,0.71,225.4,429.4,204.0,108.8,60.4,187.2,1720.4,1,2.0784496464709674
449,Mark Eaton,1985,88,81.0,2702.8,0.0,0.0,245.4,0.43979999999999997,214.6,0.6512,209.4,562.4,93.6,38.6,353.0,155.6,631.4,2,6.040650671182394
454,Sleepy Floyd,1985,75,76.6,2664.6,55.2,0.3258,406.2,0.4856,383.4,0.8341999999999998,58.6,197.0,615.0,125.8,19.2,246.0,1297.0,3,2.1504521150942417
459,Craig Hodges,1983,74,49.6,1995.0,47.0,0.3222,259.8,0.5012000000000001,116.2,0.8101999999999998,47.2,83.0,241.8,77.2,3.0,118.8,755.0,4,1.529103273378923
463,Clark Kellogg,1983,79,48.2,1702.8,4.6,0.3726,397.0,0.4678,232.2,0.7574,170.4,326.0,152.8,76.2,21.0,146.2,983.6,4,2.662353293740094
465,Fat Lever,1986,75,78.2,2861.6,21.0,0.3056,555.0,0.4648,298.2,0.7762,194.4,447.6,590.6,193.0,20.6,174.4,1406.0,3,3.405147139709572
477,Paul Pressey,1985,77,71.4,2458.2,10.2,0.2492,357.2,0.5052,347.2,0.7752,115.4,236.8,513.8,127.6,50.4,211.0,1014.4,0,2.4092297085996615
491,LaSalle Thompson,1984,82,48.2,2034.6,0.4,0.08,337.6,0.5058,246.6,0.7253999999999999,232.2,457.2,114.8,72.6,116.2,161.2,855.4,2,1.5680792424574326
497,Dominique Wilkins,1985,80,78.8,2997.2,27.2,0.27159999999999995,831.2,0.47219999999999995,645.8,0.8224,232.8,312.0,220.4,122.0,50.6,218.0,2274.6,3,3.678975188689505
499,Rob Williams,1983,74,49.5,1683.5,8.5,0.226,241.5,0.44399999999999995,191.5,0.7855,45.5,119.5,412.5,86.5,8.5,177.0,659.5,0,2.7183273558542376
500,James Worthy,1987,81,77.8,2880.4,9.0,0.1614,670.4,0.54,319.4,0.7816,144.6,288.0,273.2,98.2,55.6,158.4,1616.8,1,2.6070259113242975
511,Clyde Drexler,1987,79,79.0,2954.6,28.0,0.26159999999999994,712.0,0.5115999999999999,511.8,0.7876000000000001,239.4,304.4,481.6,181.8,57.6,232.4,1912.0,3,2.8047037259226166
512,Craig Ehlo,1990,78,53.4,2476.4,78.4,0.37799999999999995,279.8,0.49000000000000005,144.4,0.7022,113.4,249.8,302.4,113.0,25.4,135.8,896.0,4,1.9752114514504806
513,Dale Ellis,1993,79,51.4,2576.6,139.6,0.3949999999999999,322.4,0.5074,174.6,0.8032,78.8,200.6,109.6,59.6,10.4,102.2,1203.8,4,1.9414619219136389
518,Sidney Green,1986,81,46.6,1857.0,0.2,0.06659999999999998,285.2,0.4633999999999999,216.2,0.7053999999999999,189.6,397.4,93.8,54.6,32.6,147.8,725.4,2,1.8140283498957024
519,Bob Hansen,1986,78,59.0,1683.8,27.6,0.3458,230.8,0.5006,120.4,0.6597999999999999,65.0,133.2,133.8,54.4,7.4,83.2,628.2,4,2.07954732152909
520,Derek Harper,1987,76,79.6,2888.4,82.6,0.35200000000000004,459.4,0.5112,313.6,0.7548,56.2,173.8,594.0,168.2,28.2,183.4,1403.8,3,2.724946951117614
521,Roy Hinson,1985,81,60.2,2391.2,0.0,0.0,460.8,0.5002,377.8,0.7522,152.2,366.4,74.6,47.4,127.8,155.8,1203.4,2,2.4348385392163268
528,Jeff Malone,1985,76,75.0,2688.2,6.6,0.2016,664.2,0.48580000000000007,353.2,0.8700000000000001,55.0,164.4,225.8,57.4,12.2,158.8,1656.2,0,3.3268204396989938
530,Rodney McCray,1986,79,78.0,2821.6,3.2,0.09779999999999997,398.0,0.5162,312.8,0.768,183.2,399.2,332.0,62.4,53.6,164.8,1047.0,2,2.257184658514159
534,John Paxson,1987,74,55.6,2130.2,40.8,0.3692,279.4,0.535,64.2,0.8112,18.6,90.8,342.0,62.6,4.8,78.8,733.2,4,2.392502880894577
538,Doc Rivers,1987,76,72.2,2333.2,33.6,0.302,322.0,0.4664,316.2,0.8206000000000001,69.8,211.0,539.8,151.2,36.0,161.6,1002.8,0,2.2437830003371744
539,Fred Roberts,1989,82,43.8,1766.8,8.0,0.2968,267.8,0.5124,185.4,0.79,95.2,163.8,117.6,52.8,28.8,106.8,706.0,4,1.8500037545864227
540,Ralph Sampson,1984,88,59.4,2185.4,0.6,0.0766,509.4,0.491,311.6,0.6754,189.6,471.8,175.0,62.8,121.4,228.0,1227.6,1,1.9444608489028947
541,Byron Scott,1987,75,79.0,2721.0,73.6,0.38560000000000005,491.4,0.5115999999999999,230.2,0.8352,63.2,218.6,259.6,113.2,24.8,133.8,1397.4,0,1.801948214002066
542,Steve Stipanovich,1984,83,73.0,2518.2,2.0,0.18580000000000002,401.0,0.48900000000000005,322.2,0.793,154.2,472.0,187.6,83.0,76.0,155.4,1064.6,1,2.144340374943267
547,Sedale Threatt,1990,74,51.8,2357.6,11.4,0.255,424.2,0.513,188.6,0.8328,37.2,141.4,398.0,119.6,12.4,135.2,1039.4,0,2.278575715346456
549,Darrell Walker,1987,76,49.8,2142.6,0.4,0.019,260.4,0.4426,201.8,0.7178000000000001,129.6,305.0,397.8,110.8,26.6,153.4,667.4,2,3.528143324411479
551,Mark West,1989,82,53.6,1873.8,0.0,0.0,238.4,0.6342,206.6,0.6072,167.4,367.2,34.4,26.6,143.2,98.0,604.2,2,3.782081059399305
556,Randy Wittman,1984,78,49.8,1892.0,2.6,0.26639999999999997,315.0,0.5115999999999999,87.6,0.7392,30.0,91.6,203.0,43.0,11.0,74.6,704.4,4,2.406463293549261
560,Charles Barkley,1986,78,76.0,3007.0,27.4,0.2284,634.8,0.6278,727.2,0.7398,378.6,594.6,305.8,133.2,89.8,294.6,1891.4,1,5.182470218637696
562,Sam Bowie,1990,85,47.6,1790.0,5.0,0.28159999999999996,283.8,0.44020000000000004,230.8,0.7822,154.0,333.0,119.6,31.6,97.4,115.8,760.2,2,2.7715809970521077
563,Frank Brickowski,1988,81,54.6,1791.0,0.8,0.13999999999999999,329.4,0.5294000000000001,236.4,0.7444,126.0,271.2,151.0,77.6,34.8,147.4,838.6,2,1.9514124212550366
566,Michael Cage,1987,81,70.8,2570.8,0.0,0.0,336.4,0.502,306.0,0.6968,296.8,504.0,105.2,89.2,56.0,126.4,889.2,2,2.3714989951597167
567,Tony Campbell,1990,79,41.8,2079.0,9.2,0.284,442.8,0.4614,296.8,0.7684,123.6,149.2,153.8,76.0,25.8,142.4,1147.0,0,2.3412659743621775
575,Vern Fleming,1986,77,78.0,2716.0,3.6,0.16999999999999998,423.2,0.5184000000000001,307.2,0.7832,104.0,239.2,530.0,104.8,11.2,189.6,1097.4,0,2.495676277317389
580,Jay Humphries,1989,75,60.4,2411.8,32.6,0.2862,364.8,0.5052000000000001,212.2,0.7922,58.2,142.8,439.6,129.4,9.4,148.4,995.4,0,1.920882556690731
584,Michael Jordan,1987,78,81.8,3215.6,33.4,0.2556,998.0,0.5378000000000001,799.0,0.8493999999999999,143.0,374.6,496.8,235.8,91.6,252.6,2775.0,3,5.800195624415053
585,Jerome Kersey,1988,79,76.2,2671.8,3.4,0.2138,493.6,0.48200000000000004,349.4,0.6984,223.6,394.4,228.8,120.0,71.8,154.4,1242.2,1,2.1401171589355235
588,Hakeem Olajuwon,1993,84,76.8,3004.2,3.8,0.22719999999999999,803.2,0.522,528.6,0.7524,206.6,653.0,265.2,128.2,252.2,259.6,2015.0,1,4.5000003610196915
589,Sam Perkins,1986,81,76.2,2668.0,9.6,0.24999999999999994,429.0,0.48740000000000006,351.6,0.8149999999999998,207.4,425.0,143.8,84.4,76.2,137.0,1172.6,1,2.1746571590610295
593,Alvin Robertson,1986,75,77.6,2687.8,12.2,0.23699999999999996,537.2,0.49659999999999993,307.0,0.752,184.4,291.8,452.8,241.6,39.4,239.6,1342.4,3,3.9582366851626385
601,John Stockton,1989,73,81.2,3010.8,55.2,0.359,415.8,0.5292,410.2,0.8315999999999999,63.6,176.0,1105.8,229.4,18.2,286.0,1338.8,3,5.199599772061168
604,Otis Thorpe,1988,81,82.0,3049.8,0.6,0.0858,558.8,0.5519999999999999,489.6,0.7049999999999998,276.2,537.0,235.2,67.0,34.8,227.2,1466.0,1,2.263925678568563
611,Kevin Willis,1991,84,76.2,2676.2,5.8,0.2784,541.2,0.4968,311.8,0.7058,312.8,617.0,134.0,67.6,41.2,181.2,1321.8,1,2.5142104257590647
616,Michael Adams,1988,70,74.0,2679.2,151.0,0.3418,314.4,0.4619999999999999,359.0,0.8502000000000001,55.2,204.2,555.0,149.4,9.0,183.4,1388.4,0,2.585331976542438
618,Benoit Benjamin,1986,84,55.4,2277.4,0.2,0.06659999999999998,367.2,0.5014000000000001,314.4,0.7285999999999999,145.4,468.4,140.4,58.0,205.2,195.2,964.8,2,3.1295515329067696
622,Terry Catledge,1988,80,58.8,2007.6,0.6,0.09,384.4,0.48819999999999997,315.8,0.6554,221.2,266.0,75.4,41.4,15.2,129.4,980.4,2,2.125398126363191
626,Tyrone Corbin,1990,78,47.6,2554.8,1.6,0.0814,399.8,0.48360000000000003,218.0,0.817,177.4,323.4,193.0,122.8,32.8,124.6,981.2,2,3.008636981389529
629,Joe Dumars,1990,75,75.8,2900.2,64.2,0.37639999999999996,515.6,0.4782,389.8,0.8714000000000001,60.4,116.8,351.0,72.8,6.4,164.8,1563.6,0,2.1083602055536077
630,Patrick Ewing,1990,84,81.0,3078.8,1.4,0.16919999999999996,816.0,0.5186,584.0,0.7484000000000001,213.4,703.4,182.4,82.0,241.6,260.6,2073.8,1,4.392918613323415
632,A.C. Green,1990,81,53.2,2683.8,12.0,0.25479999999999997,361.8,0.5108,373.2,0.7414000000000001,266.2,424.6,106.2,74.8,37.2,108.4,1036.4,2,2.4967772159654764
644,Jon Koncak,1990,84,49.2,1639.0,0.8,0.1,121.6,0.4744,49.6,0.5853999999999999,80.8,250.0,104.2,60.0,80.4,49.4,273.8,2,3.456967296718301
646,Karl Malone,1991,81,81.8,3182.0,6.0,0.236,802.8,0.5324,804.0,0.7448,215.8,705.4,286.4,115.0,85.2,240.4,2224.2,1,4.33920153866777
650,Xavier McDaniel,1986,79,63.2,2651.4,7.0,0.25880000000000003,664.4,0.4984,382.2,0.7126,238.6,313.0,193.6,93.8,43.4,220.4,1622.2,1,2.292432765022643
655,Chris Mullin,1988,78,75.6,2923.4,49.6,0.324,668.2,0.546,478.2,0.8766,121.6,287.2,327.8,151.6,48.2,227.6,1905.2,3,2.2858790085206606
656,Charles Oakley,1987,80,76.0,2667.0,5.2,0.1734,377.2,0.501,312.2,0.7462,306.2,623.4,216.2,76.6,22.2,233.6,1001.8,1,2.9942552008982672
659,Terry Porter,1988,75,81.2,2864.6,90.0,0.3786,401.4,0.5146,365.4,0.8513999999999999,62.4,248.4,690.6,146.4,10.4,222.8,1385.0,3,2.4759742331442145
660,Blair Rasmussen,1988,84,50.4,1875.0,1.4,0.1234,376.4,0.4758,103.6,0.7766,134.6,343.2,77.2,35.6,81.2,65.8,838.0,2,2.182284787133336
663,Detlef Schrempf,1991,82,45.8,2789.8,32.2,0.3382,450.0,0.5212,508.8,0.8116000000000001,173.8,460.6,338.2,73.0,26.0,191.6,1410.2,1,2.46821640101928
669,Wayman Tisdale,1990,81,66.6,2282.8,0.0,0.0,521.2,0.5046,251.2,0.7824,136.2,339.2,105.4,44.2,52.0,120.0,1239.0,2,2.4495710680628
673,Spud Webb,1991,66,69.4,2456.2,53.4,0.3256,311.4,0.47400000000000003,278.4,0.865,37.6,159.6,488.2,103.0,13.4,184.4,1023.4,0,1.5389257191120078
675,Gerald Wilkins,1987,78,69.0,2529.6,32.8,0.2942,474.8,0.4806,257.8,0.7731999999999999,106.4,170.8,311.8,94.0,21.2,190.0,1245.8,0,1.4536654812137841
687,Brad Daugherty,1987,84,70.4,2571.4,0.2,0.06659999999999998,486.0,0.5186,463.8,0.7208,144.8,501.8,261.0,52.6,45.4,213.2,1308.6,1,1.9968305732724323
688,Johnny Dawkins,1988,74,51.6,1813.2,15.6,0.25,277.8,0.514,154.8,0.8882,37.6,121.4,380.0,71.2,3.2,134.0,738.8,4,2.6488885447554016
691,Kevin Duckworth,1988,84,74.8,2416.0,0.0,0.0,487.0,0.47919999999999996,341.4,0.7458000000000001,196.4,353.2,81.0,38.8,37.2,175.4,1230.4,2,2.7118093735195097
695,Ron Harper,1992,78,73.4,2478.4,49.2,0.287,375.4,0.47759999999999997,297.0,0.7085999999999999,98.2,246.8,297.2,135.0,51.6,177.8,1114.0,0,1.8959397336392343
699,Jeff Hornacek,1989,75,73.8,2687.2,61.6,0.3976,475.2,0.5224,241.6,0.866,85.0,244.8,434.0,129.2,18.0,151.6,1345.2,0,2.0540025161925874
701,Buck Johnson,1989,79,58.2,2090.0,1.2,0.09459999999999999,333.4,0.49239999999999995,177.8,0.7394,101.6,199.2,153.4,71.4,42.2,114.6,802.2,2,2.16082873780016
711,Nate McMillan,1987,77,55.0,2107.6,10.4,0.2596,172.8,0.4673999999999999,156.2,0.6416000000000001,111.8,230.4,590.0,138.8,38.2,172.8,478.0,0,3.9593444019076656
714,Johnny Newman,1988,79,62.0,2066.0,42.2,0.31499999999999995,332.2,0.4962,336.0,0.806,81.0,116.8,147.6,89.6,17.4,143.4,1061.6,0,1.8943554873119257
716,Chuck Person,1989,80,77.4,2840.0,95.2,0.34940000000000004,523.4,0.5108,234.2,0.7236,120.6,326.8,296.4,65.4,20.6,219.4,1504.6,0,2.4945813499374867
719,Mark Price,1988,72,62.8,2153.8,87.2,0.4120000000000001,322.0,0.5262,245.8,0.9129999999999999,42.8,132.2,495.6,92.8,7.6,165.0,1128.2,0,2.3105216222338067
720,Dennis Rodman,1990,79,61.2,2764.8,11.8,0.2082,237.2,0.5428,159.6,0.5878000000000001,408.0,761.4,126.8,57.0,52.4,113.0,605.2,2,4.52894536783673
726,Scott Skiles,1991,73,63.0,2511.4,85.6,0.389,270.0,0.4622,280.4,0.8906000000000001,42.6,179.4,578.8,73.2,3.8,223.4,1047.0,0,2.4092854167823963
736,Hot Rod Williams,1992,83,45.6,2288.0,0.2,0.04,308.6,0.47239999999999993,283.4,0.7223999999999999,172.8,322.4,159.0,63.0,121.6,109.8,822.8,2,1.609800156672898
743,Greg Anderson,1988,82,42.6,1825.6,0.2,0.04,306.2,0.4826,251.2,0.5564,186.4,361.6,50.8,60.2,76.0,133.0,754.4,2,1.9282909479850505
747,Muggsy Bogues,1990,63,67.4,2682.2,3.0,0.13279999999999997,310.8,0.48019999999999996,137.0,0.8017999999999998,58.6,195.2,754.0,153.4,3.8,149.4,740.8,0,3.9681039537814446
755,Kevin Gamble,1991,77,47.8,2169.2,25.0,0.26099999999999995,390.0,0.5326000000000001,154.0,0.8253999999999999,56.2,159.8,193.8,74.0,28.0,90.4,982.4,4,2.2798456360708994
756,Winston Garland,1988,74,49.8,1913.0,9.4,0.29279999999999995,287.0,0.44079999999999997,164.6,0.826,60.4,148.8,361.6,103.2,11.6,144.4,738.0,0,2.4561835652774473
757,Armen Gilliam,1992,81,43.6,2362.0,0.0,0.0,450.0,0.4932,370.6,0.7939999999999999,200.0,391.6,108.4,53.2,68.4,151.6,1194.0,2,2.4303062533220707
758,Horace Grant,1989,82,78.6,2761.4,0.4,0.07339999999999998,425.6,0.5369999999999999,266.0,0.6948000000000001,285.4,415.6,198.2,92.4,88.4,107.6,1037.4,2,2.234647258705803
763,Mark Jackson,1992,73,77.8,2666.8,32.0,0.3094,306.4,0.48579999999999995,215.4,0.7854,94.0,236.8,669.4,114.6,10.4,214.8,878.4,0,2.5852704999469625
766,Kevin Johnson,1989,73,71.2,2655.0,6.0,0.1666,506.0,0.5094000000000001,524.2,0.8378,46.6,208.8,767.6,118.8,18.2,255.4,1470.4,3,2.7459517878793256
769,Reggie Lewis,1989,79,70.4,2854.2,5.4,0.19019999999999998,616.2,0.495,347.4,0.8277999999999999,109.8,265.2,225.4,110.6,80.4,135.6,1536.4,1,2.9372718623154395
771,Derrick McKey,1989,81,65.8,2450.2,19.2,0.28300000000000003,393.8,0.5088,315.0,0.8036,145.0,249.2,178.4,89.8,62.4,160.8,1097.0,0,2.2171407737454554
772,Reggie Miller,1990,79,81.4,2975.2,136.2,0.39199999999999996,446.6,0.5478,534.2,0.8864000000000001,71.0,201.8,293.2,112.6,21.4,172.4,1775.2,3,3.143089739230599
778,Ken Norman,1989,80,56.6,2429.8,6.2,0.2444,502.2,0.5104,246.6,0.6042,186.4,344.2,177.2,71.8,62.4,152.0,1172.6,2,2.439025025542916
779,Scottie Pippen,1990,80,79.8,3041.6,30.0,0.2632,590.8,0.5172000000000001,365.6,0.6928,174.8,429.6,487.4,188.6,83.6,248.2,1525.8,3,3.0672073293563296
780,Olden Polynice,1995,83,63.0,2161.4,0.6,0.4666,332.8,0.49239999999999995,171.4,0.5126000000000001,232.6,392.4,89.6,40.6,54.6,110.6,761.0,2,3.764451731105782
784,Kenny Smith,1991,75,79.8,2419.0,86.0,0.4058,307.8,0.5307999999999999,223.6,0.8620000000000001,29.8,128.8,442.4,84.0,7.8,175.2,1066.0,0,2.1182901714938507
802,Willie Anderson,1989,79,59.4,2113.4,6.4,0.20319999999999996,397.0,0.4772,191.6,0.7764,80.8,218.6,295.0,81.6,44.6,162.0,961.2,0,2.080467973814028
809,Rex Chapman,1994,76,47.6,1890.8,101.0,0.3618,241.8,0.48419999999999996,162.8,0.8051999999999999,31.4,120.2,172.8,58.8,10.8,94.0,918.2,4,1.1242759896103491
812,Vinny Del Negro,1994,76,60.0,2207.8,39.8,0.37720000000000004,307.2,0.4928,153.6,0.8220000000000001,28.6,168.8,255.0,61.6,6.8,80.6,860.2,4,1.4798075514326496
825,Gary Grant,1989,75,43.6,1846.2,9.0,0.25039999999999996,261.4,0.46420000000000006,95.4,0.7522,53.8,139.2,485.2,119.8,9.8,198.0,621.2,0,3.003808092907201
826,Harvey Grant,1990,80,61.2,2371.0,1.2,0.12879999999999997,458.4,0.483,207.4,0.7223999999999999,143.2,275.6,163.4,71.8,44.8,93.0,1072.2,2,2.0793993782686684
830,Hersey Hawkins,1990,75,81.2,2920.8,96.6,0.38920000000000005,419.2,0.48839999999999995,459.2,0.8709999999999999,73.2,248.4,268.2,147.4,32.4,185.0,1528.2,0,2.386272190659997
832,Avery Johnson,1994,70,76.6,2714.6,3.4,0.143,374.6,0.5012,236.2,0.7052,37.8,139.6,599.2,105.2,15.0,177.0,925.6,0,3.039665547641313
838,Andrew Lang,1991,83,42.2,1785.2,0.8,0.2234,207.4,0.49479999999999996,140.4,0.7488,139.8,271.0,54.4,38.8,140.0,82.0,523.4,2,2.4510533377043147
842,Grant Long,1992,80,72.4,2715.8,11.0,0.27719999999999995,362.8,0.47859999999999997,327.0,0.7754,216.8,410.6,177.4,109.4,33.0,150.2,1012.4,1,2.8913952766234194
843,Dan Majerle,1992,78,46.8,2943.4,158.2,0.3722,297.2,0.4868,250.6,0.7425999999999999,112.4,266.6,282.8,115.0,38.2,114.0,1255.8,0,2.285986012751062
844,Danny Manning,1989,82,53.2,2216.2,1.8,0.09340000000000001,486.0,0.5227999999999999,329.6,0.7502000000000001,161.6,259.0,191.2,99.0,69.8,181.8,1225.2,1,2.3214007644799524
845,Vernon Maxwell,1991,76,70.8,2486.0,143.4,0.32660000000000006,264.8,0.46159999999999995,225.2,0.7322000000000001,33.4,185.6,316.0,103.4,16.8,162.2,1125.6,0,1.8904028143841898
847,Chris Morris,1989,80,64.6,2358.8,41.8,0.2714,369.0,0.4838,258.6,0.7362,203.6,254.0,157.0,128.6,73.6,166.4,1053.6,0,2.828785769263207
852,Tim Perry,1990,81,41.6,1624.4,17.4,0.3888,212.0,0.5068,151.6,0.641,121.4,207.0,79.6,37.6,70.8,84.6,575.8,4,2.759406037020666
855,Mitch Richmond,1994,77,78.4,2941.8,168.4,0.4058,466.4,0.4633999999999999,489.8,0.8535999999999999,60.4,231.6,299.2,105.0,20.8,217.6,1856.0,3,2.842513035616202
860,Rony Seikaly,1990,83,66.6,2449.2,0.6,0.09159999999999999,430.0,0.4896,463.0,0.6801999999999999,254.0,545.0,103.6,53.2,102.8,211.0,1178.8,1,2.0424679087932414
863,Brian Shaw,1991,78,41.6,1847.0,34.4,0.27080000000000004,215.2,0.4434,112.4,0.7564,73.8,196.8,357.8,68.4,20.8,148.6,620.8,4,2.022330583606491
866,Rik Smits,1992,88,70.4,2047.8,0.2,0.04,489.2,0.5164000000000001,278.2,0.7707999999999999,139.2,334.0,122.8,33.2,76.2,155.4,1193.4,2,2.2251549803360278
867,John Starks,1992,75,50.8,2373.6,135.0,0.344,289.4,0.47779999999999995,256.6,0.7634000000000001,40.2,167.0,350.8,96.8,10.2,164.6,1180.6,0,1.4458063325721742
869,Rod Strickland,1994,75,67.8,2739.8,22.2,0.267,466.8,0.4742,452.6,0.7220000000000001,98.2,246.6,694.0,127.2,17.6,251.4,1327.4,3,2.311746696198365
875,Micheal Williams,1990,74,51.2,1925.2,9.0,0.16999999999999998,269.0,0.5008000000000001,332.0,0.8582000000000001,56.8,139.8,449.0,137.6,17.4,169.6,854.8,0,2.6989897314697964
877,Nick Anderson,1992,78,73.8,2647.8,113.2,0.3668,370.6,0.501,279.6,0.6952,102.0,315.4,263.0,121.0,38.0,147.4,1276.2,0,2.050289224828605
879,B.J. Armstrong,1992,74,61.0,2395.2,72.8,0.43979999999999997,323.2,0.48599999999999993,203.8,0.849,24.2,142.6,312.8,68.8,6.8,107.8,1038.4,4,1.8329970095009502
883,Mookie Blaylock,1993,72,79.6,2950.6,176.6,0.36099999999999993,288.0,0.4676,177.2,0.7374,109.4,259.0,603.4,207.8,26.0,199.6,1236.4,0,4.209141036265689
893,Vlade Divac,1993,85,76.2,2665.4,10.8,0.21219999999999994,422.6,0.5167999999999999,316.0,0.6952,240.4,522.2,286.0,101.6,147.4,200.4,1098.8,1,2.032906307574286
894,Sherman Douglas,1993,72,59.6,2237.2,23.2,0.27899999999999997,310.6,0.5152,214.4,0.6622,57.8,117.2,492.2,71.4,7.6,174.8,833.6,0,2.889547246944363
896,Blue Edwards,1990,76,66.2,2166.8,25.8,0.32720000000000005,354.0,0.5254000000000001,191.0,0.7565999999999999,86.6,205.6,155.0,85.2,36.6,140.0,931.2,4,1.9883033743626701
898,Sean Elliott,1991,80,77.6,2807.0,48.8,0.33619999999999994,412.2,0.49799999999999994,329.4,0.8148,100.2,253.2,224.0,70.6,31.0,146.2,1239.4,0,1.5509810210206418
904,Tim Hardaway,1997,72,67.8,2444.8,150.6,0.3576,267.0,0.43699999999999994,231.2,0.804,32.6,183.8,517.4,96.6,8.2,178.6,1170.6,0,2.2445280343289635
911,Shawn Kemp,1994,82,76.6,2685.2,4.4,0.3134,525.2,0.5224,581.0,0.7402,280.0,560.0,176.4,114.0,117.2,276.8,1493.8,1,2.6411411306008126
923,Anthony Mason,1994,79,51.6,2829.4,0.2,0.06659999999999998,352.6,0.529,340.6,0.695,184.6,514.6,302.0,62.6,23.0,150.4,942.8,2,2.317089039510634
938,Glen Rice,1994,79,80.4,3162.4,165.0,0.42379999999999995,494.2,0.48719999999999997,413.8,0.8576,83.4,288.8,190.0,92.4,22.6,161.0,1838.0,0,2.9650415656980704
939,Pooh Richardson,1991,73,67.8,2471.6,37.6,0.27599999999999997,376.8,0.4659999999999999,133.8,0.646,60.4,184.6,572.2,101.0,13.0,160.8,952.8,0,2.850365283328843
940,Clifford Robinson,1993,82,60.8,2842.0,94.6,0.31739999999999996,478.8,0.4706,421.8,0.7018000000000001,138.8,317.0,198.0,96.0,98.0,173.2,1537.2,1,2.804304122822836
941,David Robinson,1991,85,78.4,3037.0,4.2,0.2178,725.8,0.5313999999999999,775.2,0.7436,260.0,656.0,261.4,137.0,283.2,235.8,2043.2,1,5.381236078589059
953,Doug West,1992,78,58.8,2358.6,3.8,0.1286,410.0,0.497,229.6,0.817,73.0,151.6,198.4,62.2,22.4,125.8,1019.8,4,2.743859526001149
958,Mahmoud Abdul-Rauf,1993,73,61.2,2313.8,82.0,0.36619999999999997,421.6,0.471,182.0,0.9103999999999999,30.4,127.6,309.4,72.6,7.2,138.2,1256.2,0,2.105942013562812
969,Elden Campbell,1994,83,64.0,2265.6,0.4,0.15,381.8,0.47219999999999995,324.8,0.6944,169.4,362.0,112.6,60.4,141.8,115.6,990.8,2,1.9148158371954127
971,Cedric Ceballos,1993,78,49.2,1802.6,26.0,0.1866,411.8,0.5446000000000001,270.2,0.7412000000000001,160.0,245.8,88.2,59.0,21.8,115.4,1103.8,2,2.345553100731953
973,Derrick Coleman,1991,82,66.0,2489.8,25.0,0.2848,469.6,0.4779999999999999,482.6,0.7686,229.6,508.4,218.6,64.0,111.8,217.6,1386.0,1,1.6338684206023997
977,Mario Elie,1997,77,63.8,1937.8,65.0,0.3686,125.4,0.5136000000000001,148.4,0.8475999999999999,44.2,142.2,188.8,70.0,10.6,97.2,573.0,4,1.7081420614692295
982,Kendall Gill,1991,77,63.4,2368.0,25.2,0.2684,440.0,0.4652,267.4,0.7752000000000001,116.0,196.6,273.4,124.8,36.2,159.6,1161.6,0,1.7735480680411708
989,Tyrone Hill,1997,81,54.4,1950.2,0.0,0.0,246.6,0.5077999999999999,247.4,0.6138,198.8,363.0,59.6,49.4,24.4,107.8,649.6,2,1.8597106084324828
1009,Gary Payton,1994,76,81.8,3083.2,87.2,0.31179999999999997,547.2,0.5276,332.6,0.7036,100.0,228.6,589.4,201.0,16.4,215.6,1591.4,3,2.9642932298851536
1015,Dennis Scott,1993,80,46.8,2149.6,165.4,0.40939999999999993,191.6,0.43359999999999993,142.6,0.7852,44.0,168.4,173.0,69.4,22.4,91.4,992.0,4,2.205112835448899
1016,Lionel Simmons,1991,79,60.4,2428.2,3.4,0.2584,418.8,0.4372,314.2,0.7608,145.4,371.4,271.6,95.0,65.6,179.4,1089.6,0,2.642052084114796
1018,Felton Spencer,1991,84,52.2,1598.2,0.0,0.0,160.4,0.47940000000000005,192.8,0.6933999999999999,179.6,284.0,31.0,30.2,73.0,82.4,452.8,2,2.2050978896291
1021,Loy Vaught,1993,81,59.8,2508.2,3.4,0.19939999999999997,478.2,0.5212000000000001,196.2,0.7213999999999999,213.8,495.2,97.8,81.4,31.0,128.0,1107.8,2,2.320923775250862
1031,Kenny Anderson,1993,72,64.8,2443.4,66.4,0.3262,343.2,0.4515999999999999,330.8,0.7859999999999999,66.0,186.6,565.0,115.6,12.2,185.0,1149.0,0,1.687772860180802
1033,Stacey Augmon,1992,80,71.0,2375.6,2.0,0.16579999999999995,405.0,0.492,345.2,0.7378,160.8,193.8,178.4,114.0,33.6,155.0,1071.2,0,2.7713142387232668
1037,Terrell Brandon,1997,71,59.0,2154.4,44.6,0.3468,363.0,0.46159999999999995,186.4,0.8695999999999999,38.2,180.6,458.8,116.6,21.0,140.0,1024.0,0,1.8486453319096183
1047,Dale Davis,1993,83,73.8,2421.6,0.0,0.0,328.0,0.5513999999999999,256.4,0.4968,276.6,447.0,72.4,59.8,111.8,106.4,783.8,2,3.04045575470863
1051,Rick Fox,1994,79,59.6,2216.4,70.0,0.359,275.2,0.5042,220.0,0.7662,103.2,239.2,257.4,102.6,40.0,166.2,929.0,0,1.595284993210548
1060,Larry Johnson,1992,78,74.4,2927.0,35.2,0.2942,536.4,0.5105999999999999,392.4,0.7644,237.2,458.6,310.6,59.2,32.6,178.4,1481.0,1,1.9896901364529656
1070,Dikembe Mutombo,1993,86,80.0,2933.6,0.0,0.0,355.2,0.5324,419.6,0.6636,293.2,680.8,121.0,45.8,308.0,190.0,988.6,1,5.267587177940656
1072,Billy Owens,1994,80,55.4,1994.2,12.2,0.2852,311.0,0.4782,210.2,0.6318,157.2,291.0,209.6,67.4,33.8,151.0,789.6,2,2.4352434952964144
1076,Bobby Phills,1995,77,63.4,2173.2,61.8,0.3922,240.8,0.45,191.4,0.7428000000000001,62.6,169.6,204.0,94.2,23.2,114.8,810.0,4,1.3271530415414992
1081,Steve Smith,1994,79,72.2,2782.0,118.6,0.33959999999999996,357.8,0.4856,381.8,0.8416,120.6,178.4,296.4,69.8,27.2,171.2,1393.0,0,1.6376930151013045
1099,Doug Christie,2000,78,79.4,2698.2,81.0,0.36560000000000004,227.8,0.47359999999999997,223.2,0.8522000000000001,72.4,264.6,334.6,155.2,38.2,152.2,890.0,0,2.2932149968560704
1109,LaPhonso Ellis,1993,80,47.6,1755.4,21.6,0.20139999999999997,300.2,0.458,222.4,0.7592000000000001,140.2,290.0,105.4,43.2,54.0,106.0,823.6,2,2.1900430794855903
1113,Tom Gugliotta,1993,82,67.0,2514.8,31.2,0.2858,419.0,0.47640000000000005,330.8,0.7368,164.0,460.6,258.8,127.2,59.8,217.0,1179.6,1,2.562423071783573
1115,Robert Horry,1993,82,61.2,2016.8,61.8,0.33059999999999995,190.2,0.4997999999999999,130.6,0.7368,89.4,247.8,195.0,89.4,74.4,120.2,662.4,4,1.536983807477064
1118,Jim Jackson,1994,78,55.4,2056.2,47.0,0.3224,373.8,0.45099999999999996,279.0,0.8215999999999999,114.8,168.2,223.6,45.8,15.6,180.8,1117.2,0,2.0985642603020636
1123,Christian Laettner,1993,83,67.4,2427.6,10.8,0.20339999999999997,400.4,0.488,420.4,0.8150000000000001,158.6,417.2,211.0,85.2,69.6,210.4,1175.6,1,1.9745364157273344
1131,Alonzo Mourning,1993,82,69.8,2518.8,4.2,0.147,517.0,0.5228,624.6,0.7262,209.4,502.4,107.2,45.8,212.4,232.8,1500.4,1,3.0011393404937894
1134,Shaquille O'Neal,2000,85,70.4,2701.6,0.0,0.0,746.0,0.5771999999999999,782.8,0.5408,273.4,575.4,235.6,39.2,181.0,200.6,1914.2,1,5.004813302582394
1141,Malik Sealy,1996,80,41.0,1764.2,25.0,0.2666,240.4,0.4438,187.0,0.8426,65.0,163.2,122.8,75.8,23.4,97.8,712.4,4,1.8827315217813558
1146,Latrell Sprewell,2000,77,79.0,3115.6,92.6,0.3425999999999999,434.8,0.4324,321.4,0.8155999999999999,51.6,266.2,306.4,99.8,21.4,199.4,1410.6,0,1.6220966689683012
1148,Bryant Stith,1993,77,54.8,2129.0,26.6,0.23559999999999998,259.6,0.4541999999999999,281.4,0.8384,90.4,181.2,155.0,81.0,15.0,108.6,834.8,4,1.99489235497363
1150,Clarence Weatherspoon,1993,78,79.4,2967.4,2.0,0.1684,503.6,0.4755999999999999,384.0,0.7282,206.6,469.2,170.4,97.2,88.8,175.6,1292.4,1,1.4172441964661409
1155,Walt Williams,1993,80,41.6,1840.6,86.6,0.362,227.8,0.45879999999999993,240.4,0.6846000000000001,85.2,179.6,177.6,74.0,38.6,157.8,886.8,4,1.7422604725625648
1158,Vin Baker,1994,83,77.4,3068.6,6.8,0.2242,591.4,0.5096,473.8,0.6220000000000001,276.4,470.6,206.8,77.2,103.8,203.6,1499.2,1,1.8226734421696622
1160,Shawn Bradley,1994,90,47.8,1725.4,0.4,0.1166,273.0,0.43979999999999997,181.4,0.6576000000000001,159.0,301.2,59.6,41.6,194.6,120.8,666.8,2,3.094902934357453
1161,P.J. Brown,2001,83,79.0,2710.6,0.0,0.0,299.0,0.47540000000000004,213.2,0.8528,255.2,476.0,142.8,71.2,74.6,98.6,779.8,2,2.7226914962787627
1165,Sam Cassell,2000,75,77.4,2750.2,52.0,0.34059999999999996,508.4,0.4896,374.8,0.8656,54.0,249.2,568.8,94.0,12.0,212.2,1497.4,3,2.067348715336187
1166,Calbert Cheaney,1994,79,64.6,2366.2,33.6,0.22719999999999993,382.8,0.49240000000000006,188.0,0.7256,82.4,186.0,148.8,76.6,20.6,117.2,1002.8,4,1.8897132810267097
1168,Antonio Davis,2000,81,69.6,2422.4,0.0,0.0,315.8,0.42279999999999995,322.6,0.7752000000000001,210.2,427.4,124.0,33.2,90.6,125.2,881.8,2,2.8808680675134397
1184,Anfernee Hardaway,1994,79,63.0,2355.4,65.2,0.3096,383.0,0.5064,367.2,0.7722,110.0,183.6,415.4,121.4,33.6,194.0,1245.4,0,1.4898398986418944
1189,Allan Houston,1999,78,73.8,2772.8,114.6,0.40259999999999996,419.4,0.46020000000000005,314.0,0.8795999999999999,28.2,209.6,188.8,52.0,10.0,165.0,1459.6,0,2.356397194239505
1190,Lindsey Hunter,1996,74,64.4,2468.0,119.0,0.3798,197.6,0.41819999999999996,152.4,0.7462,45.0,173.4,217.2,110.2,16.4,104.6,866.4,4,2.265038832369947
1194,Ervin Johnson,1997,83,52.6,1999.4,0.0,0.0,168.8,0.5262,149.8,0.5938,206.2,429.6,46.6,59.6,133.2,81.8,427.2,2,2.440423352891867
1195,Popeye Jones,1994,80,52.0,1850.6,3.6,0.2372,237.2,0.4546,100.8,0.7392000000000001,241.6,352.0,99.2,43.6,25.4,91.8,559.8,2,2.775507578933207
1201,George Lynch,2000,80,51.2,1831.2,20.4,0.30199999999999994,167.6,0.4351999999999999,103.8,0.6364000000000001,144.2,260.4,110.0,74.4,23.8,77.2,463.6,4,2.9218124044660803
1205,Jamal Mashburn,1999,80,59.2,2318.8,77.6,0.38939999999999997,361.4,0.43679999999999997,263.4,0.7978,55.4,313.2,283.4,62.4,10.6,158.2,1168.4,0,1.8085138198915214
1207,Chris Mills,1994,78,57.0,2649.2,67.4,0.35240000000000005,291.4,0.46159999999999995,210.0,0.8140000000000001,116.6,306.4,160.2,63.4,41.6,111.4,956.4,4,1.4362874265946979
1209,Gheorghe Mure»ôan,1994,91,51.25,1615.25,0.0,0.0,306.0,0.5735,180.75,0.6555,158.5,313.75,35.25,42.75,110.75,107.25,728.75,2,2.0578328999984414
1210,Bo Outlaw,1997,80,49.4,2171.8,0.4,0.15,213.4,0.5912000000000001,202.6,0.518,179.2,301.2,179.8,91.8,130.2,122.8,536.6,2,3.470365589618194
1213,Dino Radja,1994,83,43.0,1827.0,0.0,0.0,379.0,0.48825,238.5,0.7307499999999999,124.25,346.5,89.0,50.25,70.5,123.75,933.25,2,1.5147314714323634
1214,Isaiah Rider,1994,77,65.8,2600.6,105.8,0.3576,423.6,0.4864,285.6,0.8212000000000002,100.0,204.6,217.8,54.2,22.4,210.0,1399.2,0,1.9125167393745133
1217,Rodney Rogers,1994,79,54.8,2095.4,54.2,0.3478,296.6,0.49540000000000006,252.0,0.6599999999999999,125.4,221.0,170.6,82.8,45.6,172.4,922.8,4,2.3368545960680462
1218,Bryon Russell,1997,79,50.8,2377.4,86.8,0.3826,204.4,0.49139999999999995,258.8,0.7582,83.0,253.0,123.2,103.8,23.2,93.0,865.0,4,1.4667431721883823
1221,Nick Van Exel,1994,73,71.8,2629.4,150.0,0.364,253.4,0.4434,213.6,0.7958,35.6,176.8,549.8,78.2,8.0,167.4,1126.6,0,2.3851567414470436
1223,Chris Webber,1997,81,66.0,2610.0,31.6,0.23739999999999997,601.0,0.5068,339.0,0.6123999999999999,186.2,519.0,283.2,101.2,119.2,195.2,1514.2,1,2.0530868922482135
1225,David Wesley,1997,72,73.6,2710.0,81.6,0.35939999999999994,320.8,0.47000000000000003,276.2,0.797,48.4,169.0,442.4,127.8,16.0,181.8,1106.0,0,1.298581593568543
1230,Darrell Armstrong,2000,72,56.2,2536.8,126.4,0.339,233.2,0.4756,206.6,0.883,79.2,211.4,422.4,145.8,12.2,187.6,1028.6,0,2.295228769068238
1241,Brian Grant,2000,81,64.6,2258.6,0.2,0.1,315.0,0.48439999999999994,190.8,0.7748,184.2,415.4,95.0,50.8,42.4,117.4,778.4,2,1.5856135939474247
1244,Grant Hill,1996,80,73.0,2865.8,10.4,0.197,566.4,0.4828,581.8,0.7497999999999999,101.0,493.4,473.4,114.0,43.8,246.2,1599.8,3,2.259302508164764
1246,Juwan Howard,1996,81,69.0,2703.2,0.8,0.0616,525.0,0.4766,318.8,0.7428,154.6,350.2,246.6,70.2,24.0,210.8,1289.0,1,2.6317007530054544
1248,Eddie Jones,2002,78,72.8,2643.8,139.8,0.3789999999999999,245.0,0.4508,269.8,0.8162,41.4,277.8,216.4,98.0,41.4,110.8,1130.6,4,2.137282478256762
1249,Jason Kidd,2000,76,74.2,2835.2,92.4,0.3234,333.4,0.4298,309.4,0.825,102.4,398.4,713.6,155.2,22.0,261.6,1199.4,3,3.37656320358075
1252,Donyell Marshall,2000,81,52.2,2221.0,51.2,0.3534,335.8,0.48740000000000006,227.4,0.7472,187.0,423.8,126.4,75.6,80.4,121.0,995.4,2,2.5430603829828757
1261,Lamond Murray,1998,79,52.8,2159.6,60.2,0.36879999999999996,335.8,0.44939999999999997,238.6,0.7727999999999999,108.6,254.2,123.2,86.8,36.0,147.2,1036.2,4,1.8625266914607674
1264,Wesley Person,1996,78,50.2,2306.2,132.2,0.4032,211.2,0.4814,121.2,0.7482,50.4,226.6,135.0,69.4,25.2,75.2,911.8,4,1.3858486915577652
1269,Glenn Robinson,1995,79,68.0,2638.8,59.0,0.358,503.6,0.4772,335.8,0.8154,118.0,302.4,199.2,85.6,41.4,234.0,1455.4,0,2.181997227237077
1271,Jalen Rose,2000,80,62.8,2491.2,70.4,0.3566,400.8,0.4606,289.4,0.834,37.6,247.0,316.2,58.6,29.8,190.2,1255.0,0,1.470300854283487
1283,Charlie Ward,1997,74,51.0,1822.8,70.2,0.3628,99.2,0.4675999999999999,88.8,0.7796,30.8,179.8,327.2,99.0,17.2,133.4,478.0,4,1.974726959744264
1292,Brent Barry,2000,78,59.2,2365.4,133.8,0.4332,147.2,0.5449999999999999,153.0,0.8186,42.0,263.8,333.6,105.6,22.6,134.8,821.4,4,2.6659073650664764
1311,Michael Finley,1998,79,73.0,3021.2,79.6,0.3548,538.8,0.47400000000000003,307.0,0.8078,108.0,292.8,330.2,98.0,26.8,165.8,1563.2,0,1.639020449498991
1313,Kevin Garnett,2000,83,81.4,3234.4,23.4,0.303,710.4,0.49860000000000004,457.2,0.7744,234.8,785.0,425.6,112.0,140.8,233.6,1845.0,1,3.4725617818398944
1329,Antonio McDyess,1997,81,71.0,2439.2,1.4,0.056400000000000006,526.4,0.4972,400.8,0.6832,200.6,442.8,119.8,69.4,123.4,174.2,1329.4,1,1.6499924605469187
1337,Theo Ratliff,1997,82,49.8,1675.0,0.0,0.0,220.0,0.503,203.2,0.732,137.6,249.8,35.8,34.8,164.2,92.8,589.6,2,2.4693298855916743
1338,Bryant Reeves,1996,84,58.6,2047.8,0.2,0.0182,348.8,0.46679999999999994,240.6,0.6736,144.8,313.8,108.6,31.4,49.6,130.8,864.6,2,1.8236366959589017
1344,Arvydas Sabonis,1996,87,54.2,1773.4,26.4,0.33340000000000003,306.2,0.5277999999999999,274.0,0.7891999999999999,119.0,435.0,146.2,53.8,76.6,135.4,907.4,2,2.53296868966072
1345,Joe Smith,1996,82,43.8,1999.8,4.6,0.3236,333.2,0.453,260.0,0.7771999999999999,191.8,281.6,77.4,50.8,76.8,113.4,883.0,2,2.720341403365785
1346,Eric Snow,2000,75,71.0,2581.0,5.6,0.18959999999999996,268.6,0.442,250.6,0.793,47.0,197.8,500.0,108.4,8.2,161.0,755.6,0,2.6311461318481713
1347,Jerry Stackhouse,1999,78,63.4,2596.6,88.2,0.2988,429.6,0.43039999999999995,582.0,0.8446,76.2,185.8,322.4,75.2,34.8,243.4,1612.6,3,2.93404961640288
1348,Damon Stoudamire,2001,70,66.4,2529.2,113.4,0.3694,245.8,0.417,162.8,0.8602000000000001,59.0,214.6,424.0,79.4,6.4,153.2,973.4,0,2.474200265306441
1351,Kurt Thomas,2001,81,69.4,2575.2,1.2,0.3334,416.8,0.48719999999999997,174.0,0.8,172.2,506.2,124.2,67.8,80.8,124.2,976.6,2,2.7301210100284226
1355,Rasheed Wallace,1998,82,65.2,2611.6,39.0,0.293,449.6,0.5267999999999999,276.4,0.7196,120.2,386.2,152.2,80.2,97.0,138.6,1215.0,1,2.4523572841264345
1359,Corliss Williamson,1997,79,48.2,1738.4,0.2,0.04,336.6,0.504,240.2,0.6704,112.2,175.0,106.0,47.8,26.4,117.2,834.2,2,2.173364843307634
1361,Shareef Abdur-Rahim,1999,81,74.2,2910.4,18.8,0.2892,530.8,0.4716,517.0,0.8252,176.0,485.4,234.8,86.6,67.6,225.6,1544.4,1,2.137263537014949
1362,Ray Allen,2005,77,72.6,2761.0,204.4,0.3934,348.4,0.4901999999999999,316.4,0.9096,69.6,224.8,249.2,81.0,12.2,154.8,1596.6,0,3.0021636671464957
1363,Shandon Anderson,2000,78,43.2,2079.4,50.4,0.31020000000000003,202.8,0.49420000000000003,179.8,0.7378,67.4,221.0,142.6,73.4,24.8,130.8,690.4,4,1.0653047670978146
1365,Bruce Bowen,2003,79,82.0,2607.2,94.6,0.4029999999999999,126.6,0.44959999999999994,94.4,0.5626,42.4,221.6,119.0,69.2,33.8,70.2,590.4,4,3.0522585780419567
1368,Kobe Bryant,2006,78,78.8,3080.8,136.8,0.3464,679.6,0.4904,686.8,0.845,81.6,358.6,395.6,128.4,32.6,241.0,2351.2,3,2.7526088007352874
1369,Marcus Camby,2004,83,68.2,2232.2,1.4,0.0782,286.8,0.46979999999999994,177.6,0.7186,173.6,608.2,176.2,79.6,217.2,106.6,705.4,2,3.489961892722695
1371,Erick Dampier,2003,83,64.2,1967.8,0.0,0.0,237.8,0.5418000000000001,237.6,0.6342000000000001,253.0,374.4,52.8,25.2,111.8,113.4,626.8,2,1.994613588826508
1378,Derek Fisher,2006,73,68.6,2358.6,95.0,0.3712000000000001,198.0,0.4244,210.0,0.8542,28.0,149.6,265.4,95.8,6.4,103.2,860.0,4,2.202934202170673
1390,Allen Iverson,2002,72,67.0,2884.8,79.0,0.297,619.0,0.4366,678.2,0.796,48.2,216.2,447.4,165.6,10.0,264.8,2018.0,3,2.665710991285489
1391,Kerry Kittles,1997,77,58.5,2323.0,103.5,0.37775000000000003,283.25,0.43624999999999997,179.5,0.7865,84.0,190.25,170.75,111.75,29.25,88.75,1018.5,4,1.9670686051960384
1397,Stephon Marbury,2001,74,71.4,2820.8,87.0,0.31799999999999995,472.8,0.4768,435.4,0.8082,54.0,171.6,586.4,90.2,9.6,225.8,1558.0,3,2.056365798835753
1400,Jeff McInnis,2001,76,52.4,2183.8,51.0,0.3172,268.6,0.45059999999999995,134.8,0.8076000000000001,31.4,122.4,348.4,50.2,4.0,102.2,800.0,4,1.790759144057554
1402,Steve Nash,2002,75,79.2,2705.8,123.0,0.42860000000000004,359.2,0.5098,280.0,0.9040000000000001,55.2,205.2,721.2,68.0,7.2,230.2,1340.6,0,3.229563155073922
1406,Jermaine O'Neal,2001,83,69.4,2506.0,2.2,0.13639999999999997,508.0,0.4662,432.4,0.7062,183.4,519.2,123.4,48.8,171.8,165.4,1329.2,1,2.382777378749089
1422,Antoine Walker,2000,80,80.8,3176.0,157.2,0.31179999999999997,465.0,0.44980000000000003,317.8,0.6649999999999999,159.4,507.0,379.8,111.6,43.0,254.6,1617.4,3,3.4749005841444487
1424,Ben Wallace,2002,81,78.0,2881.0,0.6,0.08059999999999998,261.8,0.48319999999999996,262.6,0.44139999999999996,305.6,693.6,130.8,127.4,222.2,90.2,641.2,2,5.488040830467675
1428,Lorenzen Wright,2001,83,50.2,1836.4,0.0,0.0,297.6,0.45599999999999996,178.2,0.6681999999999999,160.2,345.0,73.8,45.2,53.4,96.8,715.0,2,1.9433305006790453
1431,Derek Anderson,2000,77,57.8,2257.2,87.2,0.3472,237.2,0.44419999999999993,275.2,0.8534,56.2,195.0,258.0,86.8,10.4,127.4,971.4,4,1.8435156278400897
1434,Tony Battie,2002,83,50.0,1717.6,0.4,0.065,193.0,0.501,106.4,0.7156,133.0,279.8,42.4,37.4,69.0,61.4,462.4,2,2.218809301063298
1435,Chauncey Billups,2004,75,77.4,2720.8,145.0,0.39859999999999995,247.0,0.44299999999999995,447.2,0.8942,37.8,211.8,528.0,84.2,11.8,167.8,1328.8,0,2.697055117360786
1447,Tim Duncan,2000,83,77.4,3017.2,3.4,0.178,676.6,0.5062,637.6,0.6974,255.0,716.8,263.0,62.8,196.4,235.6,1809.4,1,3.453342338340467
1459,Zydrunas Ilgauskas,2003,87,79.2,2399.8,0.8,0.11439999999999999,450.0,0.4782,398.6,0.7934,261.0,364.2,110.0,46.8,150.4,172.0,1217.8,1,2.4909194104985444
1467,Tracy McGrady,2001,80,74.4,2962.0,130.2,0.354,609.8,0.46840000000000004,585.0,0.7687999999999999,125.8,384.4,396.2,117.4,68.8,192.4,2060.2,3,2.341608498195967
1486,Keith Van Horn,1999,82,64.6,2178.6,66.2,0.3532,357.6,0.465,262.4,0.8232000000000002,137.6,365.2,112.4,54.6,41.0,155.4,1131.4,4,2.4330923283832426
1491,Alvin Williams,2000,77,55.2,2093.6,37.0,0.30779999999999996,251.8,0.43979999999999997,134.8,0.7567999999999999,41.6,153.0,328.2,91.6,18.8,101.2,717.2,4,1.862197979106805
1498,Mike Bibby,2003,73,76.2,2770.0,140.0,0.3814,356.8,0.46679999999999994,344.6,0.826,49.2,202.6,420.4,95.6,14.4,180.2,1416.6,0,1.5315217532116054
1502,Vince Carter,2006,78,77.4,2849.4,129.8,0.3618,467.8,0.4694,464.4,0.8148,93.6,328.4,346.4,80.8,34.4,176.6,1701.8,0,2.3213287876682944
1505,Ricky Davis,2003,78,41.8,2397.2,65.2,0.35219999999999996,366.0,0.4734,296.0,0.7882,60.2,210.8,277.6,81.4,21.6,182.2,1160.4,0,0.8457232351841895
1512,Matt Harpring,2002,79,53.6,2152.0,23.6,0.3054,344.4,0.4962,267.6,0.7452,167.6,268.8,108.6,58.8,10.8,118.8,961.0,4,2.2911681624380886
1513,Al Harrington,2003,81,47.2,2319.0,37.8,0.307,379.4,0.4692,273.6,0.7102,135.8,318.8,160.0,72.2,19.8,160.6,1066.4,0,2.297919803297756
1515,Larry Hughes,2001,77,55.8,2090.2,39.8,0.2742,333.2,0.44279999999999997,297.0,0.7616,79.2,228.2,235.4,113.2,24.0,152.8,1013.6,0,1.7555735889647266
1519,Antawn Jamison,2005,80,75.6,2942.4,117.6,0.35779999999999995,479.0,0.47519999999999996,358.0,0.7482,174.4,500.2,144.2,85.2,24.6,119.4,1579.2,0,3.327703464641987
1523,Raef LaFrentz,1999,83,46.8,1535.4,39.8,0.35839999999999994,203.8,0.5035999999999999,136.0,0.7153999999999999,112.0,261.8,59.0,29.4,110.8,56.4,622.2,4,2.815006153599457
1524,Rashard Lewis,2002,82,75.0,2826.6,131.6,0.379,384.2,0.4902,305.2,0.7976,129.0,330.4,141.4,95.8,48.2,127.8,1407.4,0,2.280771347404539
1531,Brad Miller,2004,83,63.2,2385.8,16.8,0.28559999999999997,320.6,0.5038,282.4,0.8076000000000001,139.6,452.6,278.8,61.0,65.8,135.6,920.8,2,2.5586817471885372
1532,Cuttino Mobley,2000,76,56.8,2977.4,123.8,0.37,372.6,0.4572,328.0,0.8394,63.0,267.0,211.2,96.4,32.8,175.4,1392.2,0,1.5781281189364438
1537,Rasho Nesteroviƒá,2002,84,72.4,2041.6,0.0,0.0,284.4,0.49339999999999995,68.0,0.5464,180.2,307.6,81.4,37.4,119.0,85.2,606.0,2,2.571399745643595
1538,Dirk Nowitzki,2001,84,78.6,3013.6,125.6,0.3806,504.2,0.4959999999999999,546.6,0.8635999999999999,101.2,644.2,209.0,92.4,96.6,152.8,1857.2,1,3.847437893151026
1539,Michael Olowokandi,1999,84,62.0,1967.2,0.0,0.0,276.0,0.4326,151.2,0.5915999999999999,140.6,374.8,49.2,33.0,105.4,140.8,642.2,2,2.8092000002571225
1542,Paul Pierce,2001,79,81.0,3115.4,139.6,0.3515999999999999,503.4,0.4624,686.6,0.7994,85.6,459.8,324.2,139.0,61.6,264.8,1973.6,3,2.788397705278746
1550,Peja Stojakoviƒá,2001,82,73.0,2760.4,168.4,0.40659999999999996,375.4,0.5084000000000001,319.8,0.8907999999999999,75.8,323.6,158.2,86.2,11.6,128.4,1541.6,0,2.862733414880948
1553,Bonzi Wells,2001,77,43.2,1939.2,35.6,0.3412,340.0,0.4806,237.4,0.7252,89.0,237.6,168.4,97.2,21.2,158.8,958.4,0,1.9004595832073188
1556,Jason Williams,2000,73,73.4,2361.6,126.6,0.3162,202.0,0.4606,115.2,0.8022,22.6,171.2,529.4,101.0,7.8,194.8,875.8,0,2.5374696099060143
1560,Rafer Alston,2004,74,65.0,2659.0,147.4,0.3538,196.0,0.41339999999999993,169.8,0.73,32.2,228.2,429.4,112.0,13.6,157.0,958.4,0,2.925533483861845
1561,Chucky Atkins,2001,71,50.0,1948.4,112.0,0.3722,169.6,0.44700000000000006,111.2,0.7562,22.8,111.0,250.8,53.0,4.6,109.8,758.8,4,1.6975834155125533
1570,Elton Brand,2003,80,73.8,2860.2,0.4,0.2666,592.6,0.5116,480.2,0.7491999999999999,270.4,473.8,207.0,71.0,172.2,182.4,1548.4,1,1.9336628969551717
1576,Baron Davis,2000,75,55.4,2521.6,113.2,0.3124,294.0,0.46259999999999996,262.2,0.6548,78.4,200.6,485.2,137.6,30.2,193.4,1097.8,0,2.5285668485893837
1580,Jeff Foster,2004,83,50.8,1752.0,0.0,0.0,166.0,0.5326,144.4,0.6278,238.8,363.4,68.6,55.2,27.0,62.2,422.6,2,2.59259035477182
1581,Steve Francis,2001,75,74.6,3005.4,79.4,0.33299999999999996,431.4,0.4476,499.2,0.7976,138.6,328.6,484.2,120.8,32.0,279.2,1500.2,3,1.8179848620116545
1585,Richard Hamilton,2003,78,78.2,2785.2,37.0,0.3276,524.2,0.4718,401.0,0.853,79.8,206.2,290.0,71.0,14.8,191.8,1501.0,0,2.0466875615119937
1598,Corey Maggette,2004,78,48.2,2160.0,48.4,0.31099999999999994,325.6,0.47240000000000004,569.4,0.833,72.4,293.4,182.4,58.0,9.8,175.2,1271.0,0,2.6719037312849117
1599,Shawn Marion,2002,79,80.6,3221.6,97.8,0.35699999999999993,549.2,0.5034,272.4,0.8378,221.2,616.2,174.2,164.8,108.2,141.4,1619.8,1,3.871131941855811
1600,Andre Miller,2002,75,81.4,2912.6,13.6,0.198,408.8,0.469,395.0,0.8039999999999999,102.2,247.8,632.6,118.8,19.2,228.4,1175.2,3,2.5688923829492385
1602,Lamar Odom,2004,82,71.4,2733.4,52.4,0.30979999999999996,354.0,0.5146000000000001,336.0,0.705,154.8,551.8,310.2,66.0,60.8,185.8,1103.2,1,2.4810306943831253
1605,James Posey,2000,80,70.2,2128.4,74.4,0.3336,186.8,0.47879999999999995,194.6,0.813,92.6,279.6,143.4,103.8,32.2,102.8,755.4,4,1.3915525646784008
1611,Wally Szczerbiak,2001,79,48.6,2197.8,51.4,0.40440000000000004,348.6,0.5058,204.2,0.8501999999999998,82.4,211.6,175.4,44.2,18.6,113.2,1025.4,4,1.8093341531049634
1612,Jason Terry,2001,74,74.2,2911.2,141.0,0.384,354.8,0.4718,284.6,0.8478,41.2,227.2,462.6,121.4,14.0,209.0,1374.0,0,1.8861662291146561
1614,Kenny Thomas,2000,79,44.2,2038.4,11.6,0.14679999999999999,263.0,0.4728,229.2,0.7096,165.6,336.8,102.2,61.4,37.2,123.8,722.6,2,1.6196907740076034
1618,Metta World Peace,2007,78,66.6,2456.0,103.6,0.3696,271.8,0.4433999999999999,258.8,0.7142,93.4,254.4,214.4,123.4,32.4,129.0,1041.4,0,2.2683255361398813
1623,Raja Bell,2004,77,53.6,2466.4,138.8,0.4064,218.0,0.4513999999999999,157.4,0.7929999999999999,49.4,194.6,153.8,57.4,18.4,85.4,976.2,4,1.6254995395231984
1624,Mark Blount,2004,84,57.4,1955.0,5.2,0.1352,297.4,0.5176000000000001,162.6,0.7142,123.0,268.4,69.0,42.8,60.4,122.2,726.8,2,1.4403566017325886
1629,Jamal Crawford,2004,77,56.6,2688.4,146.0,0.3398,301.2,0.43979999999999997,293.2,0.8408,39.2,186.8,333.0,85.6,17.6,174.0,1287.2,0,1.8462733297816183
1642,Stephen Jackson,2006,80,64.4,2445.2,115.8,0.34419999999999995,313.4,0.4556,323.4,0.8068,60.2,225.0,267.4,90.6,30.8,192.8,1235.2,0,1.2544480786709142
1648,Jamaal Magloire,2003,83,58.2,2018.2,0.0,0.0,254.4,0.4720000000000001,298.0,0.6292,195.6,413.6,57.8,30.0,76.2,142.6,702.2,2,1.8897822961068649
1649,Kenyon Martin,2001,81,69.4,2385.6,6.4,0.1608,430.2,0.48019999999999996,290.6,0.6582,138.6,393.0,167.6,92.2,92.8,163.8,1071.2,2,2.208405649144113
1650,Desmond Mason,2004,79,57.6,2361.2,2.2,0.10459999999999998,357.6,0.4526,357.0,0.7150000000000001,88.2,225.8,134.2,50.4,24.0,140.0,983.8,2,2.8647929927214446
1656,Mike Miller,2005,80,49.2,2423.2,144.0,0.4112,232.8,0.5391999999999999,184.8,0.7638,50.8,354.2,256.8,45.0,23.0,154.6,1039.6,4,2.5843849667988024
1666,Morris Peterson,2002,79,60.6,2547.0,126.4,0.3704,239.4,0.44939999999999997,206.0,0.8002,71.8,241.8,162.6,88.8,18.0,100.4,1023.4,4,1.5620905154481595
1669,Joel Przybilla,2005,85,51.0,1545.0,0.0,0.0,135.8,0.5650000000000001,129.2,0.5524,156.4,346.2,36.6,20.2,110.0,77.4,347.0,2,3.2234508013883563
1670,Michael Redd,2004,78,72.2,2747.4,128.2,0.36880000000000007,465.2,0.476,470.0,0.8496,79.0,234.2,191.4,73.4,8.2,144.4,1715.0,0,2.5949102435699594
1679,DeShawn Stevenson,2004,77,59.4,1930.6,54.2,0.3172,205.0,0.4344,165.4,0.6978000000000001,45.0,137.8,153.0,45.6,12.2,88.2,691.4,4,1.9443233391031962
1683,Hedo T√ºrkoƒülu,2006,82,72.0,2599.2,126.2,0.3842,273.4,0.4558000000000001,304.2,0.8103999999999999,59.4,310.6,307.4,66.6,22.6,169.6,1173.2,0,1.7174805991671402
1690,Gilbert Arenas,2003,75,73.4,2906.4,168.6,0.36160000000000003,414.6,0.45499999999999996,588.4,0.8033999999999999,71.0,256.2,425.4,133.2,18.0,258.2,1812.8,3,2.551828815533212
1694,Shane Battier,2005,80,74.4,2656.2,104.4,0.3942,150.8,0.48580000000000007,143.4,0.7677999999999999,114.4,260.0,145.8,77.4,79.0,72.8,723.8,4,1.7286442725231717
1705,Tyson Chandler,2005,84,51.4,2212.6,0.0,0.0,239.2,0.5754,231.6,0.575,266.2,476.6,63.0,41.4,102.8,114.6,614.6,2,2.759060391648934
1708,Jason Collins,2003,84,74.4,2080.2,1.0,0.1166,128.6,0.4064,168.4,0.627,123.0,259.8,92.2,54.2,49.8,81.4,371.4,2,3.6713951943110916
1710,Eddy Curry,2003,84,64.2,2049.4,0.4,0.4,412.8,0.5513999999999999,419.2,0.6523999999999999,143.0,286.0,45.8,25.0,59.8,190.2,1097.2,1,3.6183374505757726
1711,Samuel Dalembert,2007,83,74.4,2271.4,0.0,0.0,292.8,0.5151999999999999,178.4,0.7292000000000001,241.6,503.2,51.6,39.6,152.8,137.6,715.4,2,2.1608490427500127
1720,Pau Gasol,2002,84,74.4,2667.6,2.0,0.1968,514.6,0.5079999999999999,507.4,0.7232000000000001,191.4,443.2,231.2,40.4,139.0,199.2,1400.4,1,1.581509308992972
1723,Trenton Hassell,2002,77,58.4,2216.4,17.0,0.27840000000000004,202.8,0.4484,104.0,0.7656000000000001,66.4,174.0,157.4,41.8,43.6,83.6,536.0,4,2.017696965071878
1725,Brendan Haywood,2004,84,65.2,1839.2,0.0,0.0,235.0,0.5354,244.6,0.6123999999999999,211.2,263.0,52.8,35.8,107.8,94.2,621.6,2,1.9724377064213576
1728,Richard Jefferson,2006,79,73.0,2734.8,72.8,0.3506,390.4,0.49379999999999996,478.0,0.7766,70.2,299.0,210.8,56.0,20.0,152.6,1375.2,0,2.1937610921297983
1729,Joe Johnson,2004,79,76.0,3122.6,135.2,0.3802,447.6,0.47239999999999993,287.0,0.7746,86.8,262.8,382.4,83.8,22.0,202.6,1525.0,0,1.7089189106803837
1731,Andrei Kirilenko,2002,81,45.8,2242.4,37.8,0.30399999999999994,273.2,0.5022,398.2,0.7682,154.4,297.2,181.4,110.6,181.0,150.4,964.2,1,3.528586954494338
1733,Troy Murphy,2005,83,61.6,2132.8,81.6,0.39519999999999994,242.2,0.4673999999999999,228.4,0.7824,152.6,479.4,120.2,46.4,30.0,95.0,907.0,4,2.4910602708299394
1735,Tony Parker,2003,74,78.8,2660.0,42.6,0.32520000000000004,485.2,0.5166,318.6,0.7194,39.0,213.4,442.8,79.0,5.0,206.4,1327.6,0,2.123249247269219
1737,Zach Randolph,2004,81,64.6,2376.8,10.6,0.21159999999999995,512.8,0.4655999999999999,352.0,0.7762,192.0,464.6,136.0,54.2,20.6,185.0,1331.0,1,2.4026718371009737
1739,Jason Richardson,2002,78,76.4,2772.8,118.0,0.3409999999999999,432.8,0.4648,315.4,0.6970000000000001,117.8,303.0,244.4,96.8,32.8,174.2,1438.8,0,2.0179186821248565
1745,Bobby Simmons,2005,79,53.25,2146.75,83.0,0.41325,228.75,0.46224999999999994,150.25,0.79225,89.5,231.0,137.25,73.0,13.0,99.5,829.5,4,0.9652923657847463
1749,Jamaal Tinsley,2002,75,51.4,1696.0,47.8,0.29799999999999993,159.8,0.44400000000000006,124.0,0.7060000000000001,45.0,152.4,393.2,95.4,18.6,163.0,551.0,4,2.513103345467708
1753,Gerald Wallace,2006,79,65.8,2539.8,43.0,0.319,366.6,0.5198,435.8,0.7232,117.0,406.6,169.4,130.2,78.4,153.0,1181.6,1,2.809219245566215
1761,Carlos Boozer,2010,81,71.6,2238.0,0.0,0.0,497.4,0.508,244.4,0.7268,147.4,533.8,162.8,62.2,25.6,161.2,1173.2,2,2.612232311911765
1765,Caron Butler,2005,79,63.8,2565.4,45.6,0.31260000000000004,417.6,0.47859999999999997,328.6,0.8707999999999998,123.6,313.4,227.8,121.0,19.6,168.2,1257.6,0,1.784451648074146
1772,Manu Gin√≥bili,2004,78,45.4,2125.0,110.4,0.3828,260.6,0.4932,382.8,0.8206,65.0,251.8,281.8,114.8,25.8,162.2,1167.2,0,1.464649857497523
1774,Drew Gooden,2004,82,54.0,1925.4,3.2,0.17859999999999998,324.4,0.483,218.6,0.7312,185.0,371.4,78.8,54.8,49.6,102.2,816.0,2,1.39080578141445
1779,Nen√™,2007,0,55.2,1907.4,0.4,0.08,314.4,0.5598,303.6,0.6756,134.8,331.6,110.4,73.0,65.8,110.8,843.4,2,1.6894644308936804
1783,Marko Jariƒá,2004,79,41.8,1852.4,45.0,0.35,147.6,0.43179999999999996,114.4,0.7288,43.2,151.8,266.6,91.4,21.2,111.2,513.4,4,2.070545172556348
1785,Jared Jeffries,2004,83,49.6,1700.6,8.6,0.2122,145.4,0.45439999999999997,134.6,0.554,145.0,186.6,105.0,50.4,33.2,89.0,393.6,2,3.470290211845708
1790,Yao Ming,2003,90,67.8,2218.8,0.2,0.1,472.6,0.522,424.4,0.8236000000000001,170.0,452.4,99.8,26.8,130.2,177.4,1294.6,1,2.306655283111997
1793,Mehmet Okur,2005,83,66.2,2542.4,86.0,0.366,347.6,0.4894,358.4,0.8032,164.2,446.6,156.2,43.4,52.2,133.0,1240.6,0,3.012559670637388
1796,Smush Parker,2003,76,45.0,1591.75,67.25,0.32575,141.0,0.49375,118.25,0.54275,28.25,121.5,174.0,77.25,9.5,110.5,567.75,4,3.111514518232312
1797,Tayshaun Prince,2005,81,82.0,2937.8,60.2,0.3674,392.4,0.4784,244.0,0.7771999999999999,123.6,293.2,236.2,51.0,49.8,103.2,1155.2,4,1.9760011983756565
1808,Amar'e Stoudemire,2007,82,74.0,2604.4,3.8,0.2384,630.8,0.556,578.4,0.7968,188.8,471.8,118.0,62.8,112.6,203.8,1732.2,1,2.105598810187571
1816,Jay Williams,2003,74,54.0,1961.0,65.0,0.322,208.0,0.431,161.0,0.64,27.0,168.0,350.0,86.0,17.0,171.0,714.0,4,2.7463891683210724
1819,Carmelo Anthony,2004,79,75.8,2767.2,49.2,0.2906000000000001,616.6,0.4826,593.0,0.7949999999999999,153.4,302.6,229.0,85.6,35.0,235.2,1852.8,3,2.398975620047292
1825,Steve Blake,2006,75,50.8,1759.4,84.6,0.40519999999999995,111.8,0.4452,58.0,0.7747999999999999,21.0,120.4,313.6,47.6,4.4,93.6,523.0,4,2.1684574633670843
1828,Chris Bosh,2005,83,72.8,2755.8,7.4,0.25759999999999994,530.0,0.49539999999999995,577.8,0.8044,194.6,497.4,174.2,59.0,85.2,170.0,1547.2,1,1.7534144894373944
1837,Boris Diaw,2006,80,57.8,2514.4,34.4,0.3312,326.4,0.5274,151.0,0.7226,114.4,290.6,356.8,51.4,52.6,170.8,865.6,4,2.5752249952209976
1843,T.J. Ford,2006,72,49.6,1889.2,22.8,0.2864,290.4,0.4628,216.4,0.819,47.8,163.2,390.6,78.4,8.4,164.4,826.4,0,1.910657660311453
1851,Udonis Haslem,2005,80,72.4,2402.8,0.0,0.0,313.8,0.5064,187.8,0.7646000000000001,174.0,441.0,90.6,48.8,25.4,90.4,770.8,2,1.8552610306252912
1853,Kirk Hinrich,2004,76,75.2,2736.0,127.8,0.376,276.0,0.4298,224.8,0.8154,32.6,241.2,495.4,100.8,21.0,183.2,1118.8,0,2.0740156142110577
1854,Josh Howard,2005,79,66.0,2247.2,55.6,0.35479999999999995,372.4,0.48460000000000003,279.4,0.7778,120.2,304.8,118.8,76.0,38.6,105.4,1130.2,4,1.9337188825806708
1856,LeBron James,2004,81,78.0,3217.6,102.0,0.32199999999999995,669.6,0.4998,676.4,0.7304,100.2,438.6,514.4,138.6,62.4,260.0,2137.8,3,2.463112674404639
1861,Chris Kaman,2006,84,59.8,2069.6,0.0,0.0,350.2,0.49640000000000006,224.6,0.7404000000000001,155.8,444.2,86.2,34.6,103.6,158.8,869.0,2,1.6062549844316318
1863,Kyle Korver,2012,79,58.6,2191.0,174.2,0.4507999999999999,86.6,0.46959999999999996,82.0,0.8698,20.0,239.6,165.2,57.6,30.6,86.0,767.8,4,2.649116964577437
1873,Kendrick Perkins,2006,82,65.0,1845.4,0.0,0.0,214.6,0.5634,170.6,0.6039999999999999,151.4,341.4,84.6,24.6,119.4,135.0,531.8,2,2.4219776875458363
1876,Luke Ridnour,2005,74,54.4,2108.6,47.0,0.33280000000000004,219.2,0.43179999999999996,162.0,0.8581999999999999,35.2,147.8,401.4,85.8,18.8,135.0,718.8,4,2.377216479383809
1882,Dwyane Wade,2005,76,66.0,2559.8,31.4,0.2658,587.4,0.5035999999999999,667.6,0.775,80.4,255.2,470.0,126.8,69.0,260.2,1786.2,3,1.8304893939005045
1884,David West,2006,81,71.8,2645.4,6.0,0.26639999999999997,547.0,0.49380000000000007,314.6,0.8532,159.6,420.0,159.0,58.0,65.8,140.8,1381.8,1,2.438945627186946
1885,Mo Williams,2006,73,59.0,2321.2,116.6,0.3956,299.4,0.4734,183.8,0.8734,39.2,198.2,352.4,70.8,10.6,168.4,1109.8,0,1.7830912276172395
1886,Tony Allen,2013,76,54.2,1713.8,10.8,0.2678,229.6,0.48739999999999994,140.4,0.6477999999999999,114.6,193.0,89.2,112.6,28.0,89.6,583.4,4,2.7016587406434063
1888,Trevor Ariza,2014,80,77.4,2710.8,184.0,0.368,157.2,0.5094000000000001,142.4,0.8,66.0,344.4,173.6,136.6,19.2,102.2,979.6,4,3.084700174054169
1891,Andris Biedri≈Ü≈°,2007,83,52.8,1696.6,0.0,0.0,243.8,0.5858000000000001,125.2,0.43499999999999994,187.6,389.2,80.2,51.6,84.4,80.6,554.8,2,3.8941451718456266
1902,Luol Deng,2007,81,67.6,2544.6,32.8,0.3276,432.8,0.4862,296.2,0.772,122.2,329.0,165.2,71.6,42.2,127.0,1192.0,0,2.200317520659235
1903,Chris Duhon,2005,73,47.4,2126.8,92.6,0.3625999999999999,108.2,0.4234,120.0,0.7939999999999999,27.6,165.2,382.0,68.2,4.2,126.6,591.4,4,2.33894340422713
1910,Devin Harris,2006,75,43.4,1781.8,34.8,0.281,250.6,0.4816,318.6,0.7974,27.2,140.2,307.0,75.2,15.2,138.2,860.6,4,1.9198289481982833
1912,Dwight Howard,2006,82,81.2,2959.2,0.2,0.1,529.2,0.5852,765.2,0.5913999999999999,294.0,779.2,129.8,72.2,181.2,262.2,1511.4,1,4.755130520770902
1914,Andre Iguodala,2006,78,80.8,3170.4,75.8,0.32199999999999995,405.6,0.5048,471.4,0.7504000000000001,90.6,381.6,396.8,146.0,38.8,213.6,1393.0,3,1.8773095388161465
1918,Al Jefferson,2010,82,74.0,2521.8,1.2,0.1136,607.0,0.5002,245.2,0.735,172.0,546.8,147.8,60.6,104.0,106.4,1396.8,1,2.453200360906114
1926,Kevin Martin,2007,79,57.0,2088.6,111.2,0.3782,282.8,0.4734,505.8,0.8784000000000001,36.6,188.6,138.4,64.8,8.2,130.6,1340.2,0,2.77118168589721
1927,Jameer Nelson,2010,72,64.2,2008.2,109.8,0.3696,200.2,0.458,116.0,0.8368,28.8,179.4,404.6,56.8,4.2,157.6,826.6,4,2.1371172426952816
1929,Emeka Okafor,2007,82,76.4,2479.0,0.0,0.0,387.0,0.5464,314.0,0.576,253.8,523.4,60.0,52.2,140.0,129.8,955.2,2,2.6996304627556347
1939,Josh Smith,2007,81,76.0,2691.4,28.0,0.2266,446.6,0.495,390.6,0.6668000000000001,163.4,466.2,254.8,109.4,167.4,205.6,1237.6,1,2.246880226907941
1948,Beno Udrih,2008,75,45.6,2128.2,49.0,0.3438,275.4,0.5032,144.2,0.8160000000000001,37.0,167.6,321.8,71.4,8.4,132.0,818.2,4,1.4794342664816167
1952,Delonte West,2006,76,42.2,1819.0,58.8,0.36819999999999997,184.6,0.48419999999999996,120.0,0.827,33.4,159.8,234.2,67.2,28.0,101.2,645.6,4,1.1546616158187162
1960,Brandon Bass,2011,80,55.0,2056.4,2.2,0.12279999999999998,321.2,0.4968,199.8,0.8266,131.6,284.8,77.4,36.4,54.6,85.4,814.0,2,2.2327190796810332
1963,Andrew Bogut,2006,84,64.6,2135.8,0.2,0.04,358.2,0.541,209.0,0.5986,185.4,412.6,157.6,44.8,90.0,132.8,842.6,2,1.5075235301054213
1965,Andrew Bynum,2008,84,49.4,1608.6,0.2,0.04,308.4,0.5802,228.2,0.6986000000000001,156.2,346.2,71.6,22.2,95.6,95.6,777.2,2,2.1197233504297732
1967,Jos√© Calder√≥n,2008,75,54.2,2107.0,69.0,0.3938,219.2,0.5148,109.8,0.8846,24.4,162.4,552.4,67.2,6.0,124.0,743.6,4,2.8803827326378566
1970,Monta Ellis,2013,75,71.6,2706.0,74.8,0.30599999999999994,416.8,0.47400000000000003,288.2,0.7651999999999999,35.6,219.6,383.0,137.2,29.6,210.8,1280.2,0,1.5994828900188889
1973,Raymond Felton,2006,73,73.8,2787.8,75.0,0.3276,321.0,0.43420000000000003,249.6,0.778,54.4,218.8,514.6,113.0,16.4,204.2,1062.2,0,1.8433830880761564
1979,Ryan Gomes,2007,79,67.2,2325.6,65.4,0.3592,271.4,0.4708,170.8,0.7981999999999999,100.2,275.0,128.2,60.0,14.6,95.8,877.0,4,1.0429663178122397
1982,Danny Granger,2007,81,68.8,2625.2,155.6,0.38739999999999997,350.2,0.46979999999999994,405.2,0.8458,82.0,313.0,167.4,82.8,71.0,166.8,1511.2,0,2.555417230109404
1987,Chuck Hayes,2007,78,46.6,1599.8,0.0,0.0,150.4,0.49879999999999997,68.0,0.5302,156.0,296.4,104.2,68.2,34.4,62.2,341.4,2,3.3075953048831725
1993,Amir Johnson,2013,81,67.0,1985.2,16.2,0.3486,271.8,0.5953999999999999,136.0,0.643,170.8,317.8,126.4,56.8,80.4,104.2,680.6,2,3.100443084488135
1997,David Lee,2009,81,72.8,2701.0,0.2,0.06659999999999998,553.8,0.5269999999999999,305.4,0.7866000000000001,218.0,591.0,228.6,72.0,27.4,173.0,1348.4,1,2.2464322358092086
2010,Chris Paul,2007,72,69.4,2590.6,65.8,0.376,411.4,0.4984,369.0,0.8523999999999999,48.6,261.6,723.4,167.0,6.0,176.4,1335.6,3,2.9667830756551203
2034,Deron Williams,2006,75,70.6,2724.6,84.4,0.3628,386.8,0.4946,328.8,0.7848,36.8,203.6,697.8,79.4,17.8,230.0,1289.4,0,2.538184506780547
2036,Marvin Williams,2006,80,58.0,2291.4,24.0,0.24939999999999998,286.4,0.47219999999999995,283.0,0.8018000000000001,108.2,286.8,99.0,60.8,34.4,95.8,872.2,4,1.9372922200998692
2042,LaMarcus Aldridge,2009,83,73.8,2784.2,4.0,0.21239999999999998,597.6,0.4992,340.8,0.7906,205.8,404.8,162.6,67.8,71.0,126.4,1476.6,1,1.94087503989071
2049,Andrea Bargnani,2007,84,52.0,2219.0,101.4,0.3688,306.6,0.46519999999999995,232.2,0.8178000000000001,70.2,288.8,89.0,29.6,68.8,120.4,1107.0,4,2.099992337220324
2064,Randy Foye,2009,76,48.6,1928.6,110.0,0.3658,172.0,0.4176,159.0,0.8614,21.0,121.4,202.8,52.8,21.6,100.8,810.6,4,2.309944774941328
2066,Rudy Gay,2008,80,71.6,2738.8,79.2,0.3464,459.0,0.4888,312.8,0.7802,115.2,317.0,149.2,102.6,63.0,171.6,1398.6,0,1.944627295878113
2076,Ersan ƒ∞lyasova,2010,81,41.4,1709.6,60.0,0.363,229.2,0.4782,146.4,0.8017999999999998,143.8,310.8,80.0,52.0,27.0,69.2,754.6,4,1.7707206385690466
2081,Kyle Lowry,2014,72,72.8,2576.2,193.0,0.38339999999999996,252.6,0.47400000000000003,362.8,0.8210000000000001,62.2,294.2,501.4,112.2,20.0,189.6,1381.2,0,2.629247618385523
2087,Paul Millsap,2013,79,74.4,2447.4,63.0,0.3353999999999999,394.2,0.4991999999999999,379.4,0.751,155.8,447.4,234.6,119.6,85.6,167.6,1262.4,1,2.4268684821361384
2098,J.J. Redick,2015,75,72.8,2239.8,206.8,0.4316,217.4,0.4934,216.6,0.8956,14.4,153.8,153.8,40.4,9.8,95.0,1249.2,4,3.314578211155951
2101,Rajon Rondo,2008,73,71.8,2479.0,11.4,0.252,342.0,0.5016,207.6,0.6078,85.4,245.0,645.2,143.0,9.8,205.8,845.6,0,3.798121576972693
2102,Brandon Roy,2007,78,59.0,2287.8,64.4,0.35140000000000005,378.2,0.4772,339.4,0.8086,68.8,206.0,298.8,66.4,15.2,117.6,1221.4,0,1.5035060443581127
2103,Thabo Sefolosha,2010,78,69.0,1824.8,51.2,0.35200000000000004,105.4,0.5068,69.8,0.7798,54.0,225.6,104.4,82.6,32.4,60.8,417.8,4,2.029404487963295
2111,P.J. Tucker,2011,77,63.0,2261.0,61.0,0.3486666666666667,184.33333333333334,0.48633333333333334,143.33333333333334,0.749,135.66666666666666,324.6666666666667,124.0,93.0,21.666666666666668,88.33333333333333,659.6666666666666,4,1.6914763440237732
2118,Arron Afflalo,2010,77,68.6,2298.0,100.2,0.3964,254.6,0.5,213.4,0.8103999999999999,41.0,199.2,181.8,38.2,17.6,102.8,984.2,4,1.3883115176792291
2126,Wilson Chandler,2014,80,58.5,2235.25,114.75,0.34624999999999995,245.0,0.499,150.5,0.7495,89.75,317.0,137.0,49.5,32.25,98.75,946.5,4,1.3966384117501787
2127,Mike Conley,2009,73,72.6,2576.0,83.2,0.3802,281.8,0.4628,214.2,0.7968,30.4,188.6,439.6,130.6,14.6,160.6,983.4,0,1.7180283511619476
2134,Kevin Durant,2010,82,77.6,3012.8,147.4,0.3818,598.2,0.5266,714.2,0.8836,61.2,523.0,299.0,101.4,80.2,260.4,2271.2,3,3.8070835836488106
2138,Marcin Gortat,2014,83,80.0,2399.0,0.2,0.2,401.2,0.555,186.6,0.6834,204.6,534.8,122.6,43.4,89.8,113.0,930.8,2,1.9373277778625335
2140,Jeff Green,2008,80,53.5,2195.25,57.25,0.3235,287.5,0.481,207.75,0.7665000000000001,87.25,281.25,106.75,61.0,42.5,122.25,905.25,4,1.1612944322930971
2143,Spencer Hawes,2009,85,52.0,1806.8,21.8,0.2992,274.4,0.487,108.4,0.6778000000000001,134.6,327.4,141.8,29.0,81.6,114.8,688.6,2,2.215535338820425
2144,Al Horford,2015,81,73.2,2278.4,71.0,0.3588,365.4,0.5492000000000001,124.0,0.7922,119.4,399.2,293.2,58.0,93.8,111.2,1041.8,4,2.998258714681857
2157,Joakim Noah,2011,83,64.6,2163.2,0.0,0.0,266.6,0.48860000000000003,228.0,0.7156,237.0,444.2,254.4,62.8,100.0,135.0,697.8,2,1.7405475607607803
2164,Luis Scola,2009,81,74.2,2364.4,0.8,0.0776,483.4,0.5045999999999999,248.6,0.7674000000000001,160.4,439.6,159.8,56.2,28.0,142.4,1159.6,2,2.228874795917389
2169,Rodney Stuckey,2009,77,51.6,2202.8,31.0,0.2862,323.6,0.44399999999999995,324.4,0.8238,57.4,167.8,315.2,70.0,12.0,146.2,1008.6,0,1.8408409665268848
2186,Nicolas Batum,2013,80,74.6,2641.6,136.8,0.34759999999999996,210.8,0.4946,197.4,0.8426,75.2,394.4,396.0,79.0,50.4,185.8,998.2,0,2.3174425040940423
2190,Mario Chalmers,2011,74,55.8,2003.6,93.4,0.367,131.8,0.479,140.8,0.7948000000000001,22.4,159.2,267.2,106.4,11.2,137.4,653.8,4,1.743252125746493
2194,Goran Dragiƒá,2013,75,64.6,2195.2,83.0,0.35459999999999997,330.2,0.5234000000000001,277.6,0.7666,55.0,170.6,399.4,83.2,16.8,176.2,1121.8,0,1.4639070439275146
2196,Danilo Gallinari,2015,82,46.4,1625.8,103.4,0.37300000000000005,168.8,0.46340000000000003,300.6,0.9,37.0,231.4,114.4,38.0,17.4,68.2,916.4,4,2.3817622777248024
2197,Marc Gasol,2009,83,74.0,2548.4,1.0,0.1166,374.6,0.526,335.6,0.7494,173.4,429.6,206.0,69.6,119.0,144.6,1002.6,2,1.7773763065218713
2203,Roy Hibbert,2010,86,74.8,2178.8,1.2,0.22999999999999998,367.8,0.4688,246.2,0.7442,214.0,354.0,127.2,32.6,157.8,153.6,922.6,2,2.506520921180534
2204,J.J. Hickson,2010,81,56.2,1745.8,0.0,0.0,317.4,0.5278,232.8,0.639,173.0,369.6,67.6,38.2,42.6,113.8,782.6,2,1.4328571171388114
2205,George Hill,2010,76,41.8,2150.4,86.2,0.3751999999999999,207.0,0.495,202.6,0.8074000000000001,39.4,185.0,236.8,66.6,22.6,92.0,837.2,4,0.8736587748787309
2212,DeAndre Jordan,2014,83,79.8,2656.4,0.2,0.05,373.6,0.6910000000000001,440.2,0.4633999999999999,324.4,812.4,87.6,60.4,153.6,118.2,947.6,2,6.826537444797187
2216,Brook Lopez,2015,84,69.0,2167.2,87.2,0.2598,388.0,0.546,266.4,0.7912,129.2,311.0,119.4,44.0,130.2,128.6,1249.2,2,3.0857106158656378
2217,Robin Lopez,2013,84,77.2,2173.4,0.0,0.0,342.4,0.5314,168.2,0.7768,250.8,284.8,77.2,21.4,119.4,98.2,816.8,2,2.216168001518289
2218,Kevin Love,2014,80,69.6,2257.8,154.8,0.3782,280.4,0.48279999999999995,365.8,0.8396000000000001,152.8,580.8,182.8,52.8,32.0,134.4,1330.6,0,3.6971785891406097
2220,O.J. Mayo,2009,77,52.6,2557.2,123.8,0.38039999999999996,310.0,0.4574,215.8,0.8074,43.6,214.4,235.8,85.2,20.4,167.0,1167.8,0,1.5577306171651515
2221,Luc Mbah a Moute,2009,80,46.6,1681.6,4.0,0.1908,173.2,0.46840000000000004,148.4,0.6694000000000001,139.0,219.0,64.0,60.2,29.6,71.2,459.2,2,2.767536660593537
2227,Derrick Rose,2009,74,69.5,2568.0,53.5,0.28325,511.25,0.48675,345.5,0.806,67.0,200.75,477.75,60.75,31.0,204.0,1464.5,0,1.9796948758457236
2233,Jason Thompson,2009,83,56.2,2070.0,0.2,0.02,321.4,0.506,230.0,0.6616,188.0,349.8,93.6,41.2,56.2,110.6,797.2,2,1.0084497366324203
2239,Russell Westbrook,2009,75,75.4,2704.0,50.2,0.2922,507.0,0.45039999999999997,493.8,0.812,129.8,251.8,545.2,126.0,25.0,274.0,1566.4,3,1.5418584514166207
2251,DeMarre Carroll,2014,78,61.8,1875.6,103.4,0.3718,150.6,0.4885999999999999,147.0,0.7200000000000001,81.0,249.2,100.0,77.2,20.2,67.8,720.0,4,1.457825668580555
2254,Darren Collison,2010,72,50.8,2157.6,48.0,0.3644,285.8,0.485,211.6,0.8577999999999999,37.8,164.4,366.8,81.4,11.0,163.0,897.8,0,1.6756638888658504
2257,Stephen Curry,2013,75,78.8,2756.0,309.0,0.43699999999999994,373.2,0.5178,347.6,0.901,58.0,296.4,575.0,145.6,14.8,256.8,1986.6,3,5.092349260135268
2259,DeMar DeRozan,2013,78,74.6,2710.8,40.6,0.29519999999999996,538.6,0.45640000000000003,558.2,0.8358000000000001,54.8,280.2,266.4,78.8,19.4,163.8,1666.0,0,2.843308010578584
2262,Tyreke Evans,2011,78,54.6,2200.6,39.6,0.2712,374.0,0.4734,279.2,0.7579999999999999,64.8,256.8,343.0,88.6,28.8,180.8,1078.2,0,1.158338082587443
2268,Danny Green,2015,78,73.4,2037.6,147.8,0.3894,96.0,0.44799999999999995,62.8,0.8134,46.8,240.4,131.8,77.2,68.2,78.6,687.2,4,2.3170287848950033
2271,James Harden,2013,77,79.0,2963.0,212.4,0.363,420.6,0.4992,799.8,0.8583999999999999,71.2,397.2,597.0,134.2,43.2,343.8,2164.6,3,4.373540973444926
2273,Jrue Holiday,2016,75,58.6,2293.4,109.4,0.3414,377.6,0.5162,215.0,0.7627999999999999,57.4,232.8,458.2,103.8,46.4,193.6,1248.4,0,1.6111239174632694
2276,Serge Ibaka,2012,82,73.8,2312.0,36.2,0.35379999999999995,368.2,0.5408000000000001,147.8,0.7564,183.0,388.2,55.4,33.6,201.0,106.4,957.0,2,3.471227874837769
2279,Brandon Jennings,2010,73,73.6,2559.2,139.8,0.34819999999999995,300.4,0.413,272.0,0.8008,51.6,194.8,454.0,106.0,15.8,182.0,1237.4,0,2.249724558639784
2284,Ty Lawson,2011,71,59.8,2325.4,73.8,0.36639999999999995,310.0,0.4952000000000001,304.2,0.7744,47.8,168.8,508.4,92.2,7.4,170.6,1076.2,0,1.3879544031095343
2285,Wesley Matthews,2013,76,72.4,2469.2,181.2,0.38059999999999994,178.4,0.4732,191.6,0.8130000000000001,33.8,206.0,174.2,79.6,14.8,96.0,1056.8,4,2.1803683675254266
2293,Jeff Teague,2013,75,77.8,2462.0,86.8,0.35760000000000003,341.0,0.47519999999999996,329.6,0.8586,31.0,192.2,545.8,105.6,26.4,220.2,1225.0,0,1.7906882298733768
2302,Al-Farouq Aminu,2015,80,51.6,1968.8,90.2,0.3354,133.0,0.4688,132.6,0.752,99.6,385.8,96.8,69.8,46.4,84.0,637.4,4,1.8281830080715733
2304,√ñmer A≈üƒ±k,2012,84,48.6,1512.6,0.0,0.0,165.8,0.526,173.0,0.5528000000000001,173.4,395.8,46.0,28.0,53.8,91.0,428.6,2,2.590332059299124
2306,Eric Bledsoe,2015,73,65.4,2109.2,97.0,0.3418,315.4,0.5164,322.0,0.7988,54.4,247.0,378.4,108.4,32.8,195.8,1181.2,0,1.2796809544904046
2309,Avery Bradley,2013,75,62.4,2017.8,99.6,0.363,260.8,0.47240000000000004,95.4,0.772,47.4,179.0,120.8,78.8,15.0,94.8,894.4,4,1.0068940815963625
2313,DeMarcus Cousins,2011,82,65.6,2171.8,2.2,0.14839999999999998,488.0,0.4654,466.8,0.7270000000000001,221.4,523.8,184.4,97.0,78.4,233.6,1323.6,1,1.8142939622645984
2321,Derrick Favors,2014,81,64.4,1960.6,3.6,0.13779999999999998,374.0,0.531,238.8,0.6626,170.8,350.0,91.0,61.6,88.8,100.4,918.6,2,0.9683471526696922
2324,Paul George,2016,80,72.0,2531.8,219.6,0.3926,351.0,0.4699999999999999,414.0,0.859,67.6,412.8,269.2,134.0,29.8,205.4,1715.0,0,3.6484862615534293
2325,Blake Griffin,2011,82,75.0,2664.2,7.2,0.2538,618.0,0.5309999999999999,538.0,0.6532,198.4,528.2,296.8,73.8,45.8,186.8,1610.4,1,2.0487154414256024
2328,Gordon Hayward,2013,79,66.6,2586.2,119.8,0.366,342.6,0.47219999999999995,408.6,0.8246,55.4,300.6,294.8,88.8,31.0,176.0,1381.4,0,1.4776297419890514
2335,Wesley Johnson,2011,79,53.8,1795.2,79.4,0.34259999999999996,151.2,0.4532,70.0,0.7538,46.6,194.8,97.8,52.0,48.4,76.0,593.8,4,1.6691913886580372
2339,Greg Monroe,2012,83,70.6,2382.0,0.0,0.0,467.8,0.5050000000000001,335.0,0.7150000000000001,235.6,479.2,184.8,85.8,49.8,167.8,1174.0,1,2.2133576746273023
2362,John Wall,2013,75,71.6,2607.8,77.8,0.3192,450.4,0.46319999999999995,386.6,0.7971999999999999,42.0,278.0,701.2,130.8,46.0,279.2,1442.4,3,2.247694567630428
2364,Hassan Whiteside,2014,84,51.5,1786.0,0.5,0.25,377.0,0.5822499999999999,256.25,0.62025,212.5,550.75,36.75,41.25,161.75,110.25,916.75,2,3.1674732633092364
2371,Jimmy Butler,2014,79,66.6,2510.2,73.2,0.33799999999999997,361.4,0.48319999999999996,475.4,0.8308000000000002,97.6,272.6,282.6,122.0,34.2,118.8,1340.2,0,1.9812694370561996
2377,Kenneth Faried,2013,80,65.2,1900.4,0.4,0.125,355.0,0.5448000000000001,255.2,0.6519999999999999,231.6,394.2,79.2,57.6,61.8,103.2,877.4,2,1.3742782939975415
2392,Kyrie Irving,2013,74,66.0,2293.2,130.0,0.3772,401.8,0.48600000000000004,302.4,0.8737999999999999,47.4,172.4,367.8,90.0,21.2,174.2,1457.6,0,1.584437603140545
2393,Reggie Jackson,2015,74,56.6,1641.6,87.6,0.3452,251.2,0.46099999999999997,189.2,0.8455999999999999,36.2,130.6,318.4,39.2,6.6,135.8,926.6,4,1.8393120912792043
2402,Brandon Knight,2012,74,52.6,1822.2,95.2,0.34540000000000004,216.6,0.4372,179.4,0.7948,34.2,153.4,243.6,48.6,11.2,152.8,860.4,4,1.756434997139941
2404,Kawhi Leonard,2013,79,66.4,2124.0,95.4,0.38499999999999995,340.2,0.5418000000000001,274.2,0.8366000000000001,79.8,348.6,166.6,124.0,51.2,99.6,1200.2,0,2.819418815440849
2412,Marcus Morris,2015,80,53.6,2199.8,114.0,0.3588,246.2,0.479,179.2,0.7620000000000001,72.0,308.4,135.0,52.0,20.2,91.4,972.2,4,1.2409277227182107
2413,Markieff Morris,2014,81,50.4,1957.6,52.6,0.3356,306.0,0.5084,191.4,0.7952,92.2,318.0,128.2,66.4,37.4,123.6,922.4,4,1.4764192782647514
2416,Chandler Parsons,2012,81,64.8,2266.0,115.6,0.3772,259.0,0.5309999999999999,156.6,0.6852,66.2,278.0,206.2,70.2,26.0,112.6,975.2,4,1.930737310249415
2418,Ricky Rubio,2016,75,72.0,2192.2,75.0,0.3312,206.6,0.4366,261.4,0.8644000000000001,46.2,259.6,547.2,119.2,10.4,189.6,864.2,0,2.411157843859415
2429,Isaiah Thomas,2013,69,54.2,2075.4,140.4,0.358,310.0,0.49160000000000004,404.8,0.8746,34.4,138.2,368.0,66.6,6.6,167.4,1397.4,0,2.1651032176078555
2433,Klay Thompson,2013,78,79.6,2714.8,243.4,0.4192,349.4,0.4816,207.4,0.8482,36.2,242.4,182.4,74.6,46.2,141.4,1605.6,0,3.675745668774917
2435,Tristan Thompson,2013,81,58.2,2391.4,0.0,0.0,305.8,0.5414000000000001,266.6,0.6112,280.6,446.8,71.6,42.6,60.4,87.8,776.8,2,2.1803931177863576
2439,Nikola Vuƒçeviƒá,2013,83,64.6,2220.0,5.4,0.17239999999999997,486.8,0.5088,158.2,0.7245999999999999,209.2,532.4,156.2,60.8,64.8,128.2,1104.8,2,2.072213058359865
2440,Kemba Walker,2015,72,76.0,2668.4,199.6,0.3627999999999999,382.0,0.46319999999999995,390.0,0.8458,44.0,254.8,420.2,98.6,30.0,165.8,1693.2,0,2.7765243044214323
2447,Harrison Barnes,2014,80,64.2,2400.2,86.4,0.3685999999999999,317.2,0.48319999999999996,211.8,0.7773999999999999,86.0,304.2,123.4,56.2,15.6,86.4,1061.8,4,1.3819652200491914
2450,Kent Bazemore,2015,76,48.4,1760.4,90.6,0.35619999999999996,173.0,0.4636,159.0,0.729,31.2,237.0,161.2,86.0,42.0,122.8,735.6,4,1.2022247151773466
2451,Bradley Beal,2015,75,67.0,2500.8,168.4,0.3852,392.8,0.5016,300.2,0.7948,60.2,228.4,288.8,86.0,28.8,165.8,1531.0,0,2.053872680845935
2452,Patrick Beverley,2015,73,49.0,1659.4,97.0,0.38699999999999996,89.4,0.4377999999999999,76.6,0.7608,65.4,197.2,208.8,67.6,24.4,76.8,527.4,4,1.9097298883959573
2457,Anthony Davis,2014,82,69.0,2482.4,26.6,0.2536,628.2,0.5309999999999999,515.2,0.7968,173.8,568.6,140.2,95.2,174.8,133.6,1748.0,1,2.588183769231959
2459,Andre Drummond,2015,82,80.2,2569.8,1.8,0.15019999999999997,509.4,0.5306,422.6,0.46499999999999997,399.8,779.4,112.2,113.2,123.8,160.4,1218.0,1,4.9322546068710125
2462,Evan Fournier,2016,79,68.2,2253.2,147.4,0.3748,274.0,0.5098,215.6,0.8263999999999999,31.2,177.4,216.8,70.2,9.8,129.6,1168.0,4,2.0347644079717493
2465,Draymond Green,2015,78,74.4,2424.2,83.2,0.3238,213.0,0.533,201.2,0.7064,96.2,510.0,476.8,117.2,95.8,189.4,817.4,0,3.602051096325092
2479,Michael Kidd-Gilchrist,2013,78,55.8,1533.6,1.4,0.1746,198.6,0.48980000000000007,161.6,0.7076,103.4,257.6,73.8,42.2,45.4,57.6,516.4,2,2.4625168068814514
2484,Damian Lillard,2013,74,79.2,2879.8,208.4,0.36999999999999994,386.6,0.4715999999999999,430.8,0.8732,43.4,275.2,489.4,73.6,22.0,219.4,1776.0,0,3.414205502586737
2488,Khris Middleton,2014,79,61.2,2312.2,112.6,0.40180000000000005,293.8,0.4779999999999999,211.8,0.8744,41.6,260.6,221.8,99.2,15.6,134.4,1111.4,0,1.8596759958430287
2513,Jonas Valanƒçi≈´nas,2014,83,75.4,1945.6,6.2,0.181,357.0,0.5628,235.4,0.7852,206.8,467.8,55.2,29.6,75.6,110.2,917.2,2,2.1843947863669135
2520,Steven Adams,2015,83,76.6,2266.0,0.0,0.0,356.2,0.5918000000000001,247.2,0.5508,294.8,328.0,85.2,75.6,81.4,118.4,848.4,2,3.2364349928490452
2521,Giannis Antetokounmpo,2015,83,75.4,2664.6,35.8,0.25020000000000003,567.2,0.5612,539.0,0.7448,134.0,567.0,354.2,99.8,113.0,221.2,1644.0,1,2.321729138014062
2531,Kentavious Caldwell-Pope,2015,77,66.0,2479.6,146.0,0.3468,219.6,0.4789999999999999,184.6,0.799,55.8,226.2,142.4,94.2,15.2,89.4,1025.0,4,1.6578400947979124
2536,Robert Covington,2015,79,53.4,1854.6,146.4,0.36019999999999996,116.8,0.477,154.0,0.8117999999999999,59.6,286.4,98.4,103.2,47.2,110.6,798.4,4,2.0287829289771047
2549,Rudy Gobert,2016,85,69.0,2280.4,0.0,0.0,349.8,0.641,396.6,0.634,245.2,607.0,106.0,51.0,160.0,125.6,952.0,2,4.401412310804236
2565,CJ McCollum,2016,75,76.2,2686.0,186.4,0.3978,450.0,0.4868,229.4,0.8320000000000001,53.6,236.0,283.0,71.0,34.0,150.4,1651.8,0,2.6586389005764364
2566,Ben McLemore,2014,75,46.6,1713.4,84.4,0.3536,145.6,0.4678,112.6,0.7832,34.2,144.2,80.6,48.2,13.6,91.2,632.8,4,1.4660644177601498
2575,Victor Oladipo,2014,76,61.8,2442.6,108.8,0.34919999999999995,359.6,0.48119999999999996,281.4,0.7962,45.6,285.8,280.6,124.0,37.6,190.2,1270.6,0,1.2871558449319453
2579,Otto Porter,2015,80,51.6,1847.4,91.6,0.41340000000000005,202.6,0.5238,96.8,0.8108000000000001,80.4,259.8,100.6,79.8,30.8,53.2,757.4,4,1.9056558687286191
2586,Tony Snell,2016,78,48.2,1727.0,98.2,0.3938,79.8,0.49420000000000003,42.6,0.8783999999999998,17.6,153.6,90.4,35.2,18.4,39.4,491.0,4,2.804363581216262
2603,Bojan Bogdanoviƒá,2016,79,52.6,1967.2,136.4,0.40280000000000005,218.6,0.5092,199.0,0.869,30.4,209.0,106.2,39.4,5.0,110.4,1017.4,4,2.188622623907043
2607,Clint Capela,2016,82,54.8,1716.8,0.0,0.0,350.4,0.6312,202.0,0.527,215.8,425.6,64.4,45.6,96.4,81.4,808.6,2,3.851160094210944
2623,Aaron Gordon,2016,80,61.2,2144.0,85.6,0.3154,283.8,0.5098,222.4,0.698,118.6,365.0,186.2,58.2,47.0,104.8,980.0,4,1.97638817953334
2629,Gary Harris,2016,76,60.0,1988.8,104.0,0.36839999999999995,217.4,0.5218,133.0,0.8074,41.2,138.2,150.0,84.2,14.8,84.2,854.2,4,1.5643344063127986
2632,Joe Ingles,2016,80,47.2,2099.2,147.6,0.4114,106.0,0.5152,77.2,0.7491999999999999,25.6,247.2,311.0,80.8,12.6,133.2,712.8,4,2.244956488778371
2640,Zach LaVine,2016,77,45.2,1791.0,117.8,0.3742,275.0,0.4806,231.8,0.8152000000000001,27.2,185.8,199.8,56.4,17.0,140.8,1092.4,4,1.5626377310196267
2659,Elfrid Payton,2015,75,50.2,1769.4,23.8,0.2752,240.0,0.4676,148.6,0.652,67.8,195.6,393.6,76.4,20.6,144.8,645.0,4,2.43510199066233
2661,Julius Randle,2016,80,59.0,2184.0,33.6,0.27819999999999995,421.0,0.5194,363.2,0.724,163.2,511.8,209.0,49.6,35.6,187.2,1206.0,1,2.1616956495736694
2671,T.J. Warren,2016,80,46.2,1764.4,48.4,0.3436,348.4,0.531,160.2,0.7734,81.2,173.4,73.4,61.4,31.8,62.0,967.0,4,2.049036673809156
2675,Andrew Wiggins,2015,79,80.0,2876.8,85.8,0.3272,487.6,0.46559999999999996,436.6,0.7245999999999999,101.2,239.4,173.4,81.4,45.0,164.4,1553.6,0,2.3156594756794817
2683,Devin Booker,2016,77,63.4,2291.4,133.8,0.3538,394.4,0.49119999999999997,397.8,0.8670000000000002,33.4,215.0,322.0,53.6,17.2,224.6,1536.6,0,2.423969626800905
2707,Nikola Jokiƒá,2016,83,68.0,2210.8,69.4,0.3348,427.8,0.574,276.8,0.8248,196.4,535.0,419.6,84.6,53.0,191.8,1292.4,1,3.205561926479534
2732,Kristaps Porzi≈Üƒ£is,2016,87,60.5,1894.5,106.25,0.35924999999999996,294.75,0.47124999999999995,262.5,0.8039999999999999,101.25,363.0,87.5,44.25,123.25,106.0,1119.0,4,2.7969211260044227
2735,Josh Richardson,2016,77,48.6,1928.4,100.8,0.3734,184.2,0.46579999999999994,130.8,0.7922,44.0,155.4,180.8,69.6,41.8,91.4,777.8,4,0.9980942927114858
2737,D'Angelo Russell,2016,76,47.2,1628.8,125.4,0.34819999999999995,228.0,0.4676,153.8,0.7824000000000002,32.8,178.0,292.0,66.6,14.0,163.6,950.6,4,1.6640174598855844
2742,Karl-Anthony Towns,2016,83,71.6,2461.4,101.4,0.3882,511.2,0.5748,356.2,0.8266,224.2,617.6,198.4,55.6,104.6,180.8,1622.6,1,3.222075919973793
2743,Myles Turner,2016,83,61.8,1937.8,52.2,0.33019999999999994,280.2,0.5244,200.0,0.76,97.4,357.8,84.2,48.6,141.4,90.6,870.6,2,2.8165673394577277
2760,Malcolm Brogdon,2017,77,41.5,1729.0,79.75,0.38525,229.75,0.511,137.25,0.8917499999999999,45.25,184.5,263.75,51.5,12.0,100.25,821.5,4,1.8281054567868205
2761,Jaylen Brown,2017,78,43.0,1835.0,97.75,0.36550000000000005,242.25,0.5215000000000001,200.5,0.6777500000000001,59.5,251.25,99.0,59.75,24.0,104.0,913.75,4,1.7804312385823198
2771,Joel Embiid,2017,84,52.25,1589.5,59.5,0.3265,358.5,0.5185,448.75,0.79075,126.25,473.0,162.75,39.5,93.5,184.0,1251.25,1,2.5589633951406006
2787,Brandon Ingram,2017,80,53.25,2029.5,69.25,0.35125,306.5,0.487,288.25,0.7070000000000001,52.25,267.0,202.25,46.0,37.0,145.75,1029.0,4,1.7899504422938177
2805,Jamal Murray,2017,75,55.75,2170.0,136.0,0.35624999999999996,287.75,0.49075,195.25,0.87925,58.25,207.75,272.75,66.0,24.0,142.5,1155.25,0,2.0465544498982724
2816,Taurean Prince,2017,79,50.0,1713.5,119.5,0.35950000000000004,147.75,0.45775,119.75,0.812,36.75,244.75,125.75,59.5,28.25,119.75,752.0,4,1.4230555491718644
2821,Dario ≈†ariƒá,2017,82,47.0,1924.5,111.0,0.36099999999999993,213.0,0.51225,168.75,0.8402499999999999,117.75,334.75,152.0,46.5,18.0,122.75,899.75,4,1.8745403412678316
2824,Pascal Siakam,2017,81,45.5,1799.0,60.0,0.27275,283.75,0.557,181.0,0.7215,82.75,301.5,157.75,55.5,48.0,100.5,885.75,4,2.392515761115951
2840,Jarrett Allen,2018,83,58.333333333333336,1796.3333333333333,3.6666666666666665,0.1553333333333333,286.6666666666667,0.6286666666666666,231.66666666666666,0.706,183.66666666666666,393.3333333333333,89.66666666666667,37.0,100.0,87.33333333333333,745.0,2,3.1638796267950213
2843,OG Anunoby,2018,79,45.333333333333336,1633.0,76.33333333333333,0.36433333333333334,134.33333333333334,0.587,75.33333333333333,0.6386666666666666,60.666666666666664,187.66666666666666,70.0,64.66666666666667,27.0,59.666666666666664,546.6666666666666,4,3.585529350973764
2847,Lonzo Ball,2018,78,49.666666666666664,1742.6666666666667,104.33333333333333,0.3363333333333333,117.33333333333333,0.44799999999999995,65.0,0.47800000000000004,64.66666666666667,266.6666666666667,356.3333333333333,81.66666666666667,33.333333333333336,144.0,579.3333333333334,4,4.117025984232904
2855,Dillon Brooks,2018,79,49.0,1597.3333333333333,85.33333333333333,0.363,189.33333333333334,0.44566666666666666,133.0,0.7626666666666666,42.0,135.0,100.33333333333333,48.666666666666664,16.0,89.0,738.0,4,1.5004268008862474
2862,John Collins,2018,81,42.0,1659.0,43.333333333333336,0.363,334.0,0.6163333333333333,200.66666666666666,0.7593333333333333,170.33333333333334,347.0,93.0,33.333333333333336,61.666666666666664,100.0,950.0,2,3.693502929432864
2874,De'Aaron Fox,2018,75,63.333333333333336,2068.6666666666665,62.333333333333336,0.3233333333333333,345.6666666666667,0.4843333333333333,318.0,0.7183333333333333,37.0,197.66666666666666,419.3333333333333,92.33333333333333,30.0,186.0,1106.6666666666667,0,1.3586550120763587
2905,Lauri Markkanen,2018,84,56.333333333333336,1731.3333333333333,124.66666666666667,0.35566666666666663,197.66666666666666,0.498,171.33333333333334,0.8463333333333333,71.0,359.3333333333333,76.0,39.333333333333336,32.0,83.0,914.6666666666666,4,2.065458611907356
2912,Donovan Mitchell,2018,73,72.33333333333333,2533.3333333333335,182.66666666666666,0.35600000000000004,436.6666666666667,0.488,338.3333333333333,0.8246666666666668,54.666666666666664,250.66666666666666,302.3333333333333,98.0,24.0,205.66666666666666,1700.0,0,2.4923102966941557
2923,Cedi Osman,2018,79,50.666666666666664,1675.3333333333333,95.0,0.36633333333333323,143.66666666666666,0.524,107.0,0.6713333333333332,34.333333333333336,201.66666666666666,130.0,45.333333333333336,10.0,79.0,649.0,4,2.1544566842554196
2936,Ben Simmons,2018,83,72.33333333333333,2483.0,0.6666666666666666,0.09533333333333333,485.6666666666667,0.5666666666666667,355.6666666666667,0.5936666666666667,143.33333333333334,456.6666666666667,575.3333333333334,123.66666666666667,54.666666666666664,250.66666666666666,1184.3333333333333,1,3.9522044307002546
2941,Jayson Tatum,2018,80,75.0,2387.6666666666665,136.66666666666666,0.4033333333333333,335.0,0.48500000000000004,266.3333333333333,0.8310000000000001,61.333333333333336,385.0,165.33333333333334,86.66666666666667,57.333333333333336,130.33333333333334,1300.6666666666667,0,2.342791891398838
2964,Deandre Ayton,2019,83,51.0,1709.5,1.5,0.1155,408.0,0.5705,139.0,0.7495,185.0,397.5,98.5,43.5,62.5,103.0,924.5,2,2.002616341289732
2972,Mikal Bridges,2019,78,44.0,2229.5,87.5,0.348,157.0,0.579,120.0,0.8245,61.0,217.0,151.0,115.5,42.0,71.5,675.5,4,3.116813039057103
2973,Miles Bridges,2019,78,44.5,1845.5,82.0,0.3275,196.0,0.5195,104.0,0.781,77.5,265.0,104.5,47.5,48.5,72.5,720.0,4,1.651995647679269
2976,Bruce Brown,2019,76,49.5,1541.5,28.5,0.301,133.0,0.4635,89.5,0.7445,54.5,175.0,160.5,51.5,32.5,73.0,418.0,4,1.9600562551285516
2993,Luka Donƒçiƒá,2019,79,66.5,2182.5,169.5,0.3215,374.0,0.5385,523.5,0.7355,82.0,486.0,483.5,69.5,19.5,253.5,1642.5,3,3.4742239438363995
3001,Shai Gilgeous-Alexander,2019,78,71.5,2301.0,69.0,0.357,340.5,0.5075000000000001,276.0,0.8035000000000001,52.0,270.0,251.0,87.5,46.0,137.5,1110.0,0,1.4152169517371602
3009,Kevin Huerter,2019,79,53.5,1904.0,131.5,0.3825,132.0,0.45499999999999996,60.0,0.78,47.5,189.0,213.5,58.0,26.0,98.0,705.5,4,1.6416051046777753
3013,Jaren Jackson Jr.,2019,0,56.5,1568.5,98.0,0.37649999999999995,227.5,0.5465,191.5,0.7565,64.0,203.0,71.0,46.0,87.0,98.5,894.0,4,2.3694129970230575
3040,Collin Sexton,2019,73,68.5,2374.0,108.0,0.391,408.0,0.47050000000000003,261.0,0.8425,59.0,161.0,217.5,54.5,6.5,171.5,1360.0,0,1.907681744377442
3062,Trae Young,2019,73,70.5,2311.5,180.5,0.3425,355.0,0.489,486.5,0.8445,48.0,230.0,606.5,68.5,11.5,298.5,1663.5,3,3.4744787569343614
3065,RJ Barrett,2020,78,55.0,1704.0,63.0,0.32,229.0,0.432,254.0,0.614,50.0,229.0,143.0,55.0,17.0,124.0,803.0,4,2.5239262309649475
3096,Darius Garland,2020,73,59.0,1824.0,105.0,0.355,175.0,0.434,72.0,0.875,27.0,84.0,229.0,42.0,4.0,151.0,728.0,4,2.5306499910077975
3111,De'Andre Hunter,2020,80,62.0,2018.0,108.0,0.355,172.0,0.4539999999999999,144.0,0.764,44.0,242.0,112.0,44.0,18.0,103.0,778.0,4,1.358054734722906
3137,Ja Morant,2020,75,67.0,2074.0,60.0,0.335,387.0,0.511,308.0,0.7759999999999999,51.0,208.0,488.0,58.0,18.0,220.0,1193.0,0,1.9451161803598918
3143,Kendrick Nunn,2020,74,67.0,1962.0,137.0,0.35,264.0,0.505,100.0,0.85,21.0,159.0,220.0,56.0,15.0,114.0,1024.0,4,1.88346024937211
3172,P.J. Washington,2020,79,57.0,1759.0,86.0,0.374,182.0,0.507,136.0,0.647,58.0,258.0,123.0,51.0,44.0,93.0,710.0,4,1.9450750631292515
